candidate_id	objective_id	input_contract	target_label	source_gate	baseline	primary_metric	parameter_cap	consumer	replacement_for	status	authority
CAND-P-001	OBJ-ICM-031-EMISSIVITY-CORRECTION	MLX90640_raw_frame_MAX31856_reference_SHT30_ambient	scene_emissivity_coefficient_and_corrected_surface_temperature	L0_L1	fixed_emissivity_0p95	corrected_temperature_MAE_C_and_emissivity_MAE	params_le_40k_INT8_weights_le_48KiB	THERMAL_UI_SINTERGRAPH	PRIMARY_TARGET	PRE_REGISTERED_PLAN_ONLY	0
CAND-P-002	OBJ-ICM-032-THERMAL-RESTORATION	bad_pixel_mask_raw_thermal_frame_and_temporal_neighbors	restored_32x24_temperature_field	L0_L1	median_fill_plus_bilateral_filter	temperature_RMSE_C_SSIM_and_hotspot_recall	params_le_55k_INT8_weights_le_64KiB	THERMAL_UI_SINTERGRAPH	PRIMARY_TARGET	PRE_REGISTERED_PLAN_ONLY	0
CAND-P-003	OBJ-ICM-033-THERMAL-UNIFORMITY-SEGMENTATION	calibrated_thermal_frame_and_crucible_mask	pixelwise_cold_nominal_hot_uniformity_mask	L0_L1	center_ring_delta_threshold	class_mIoU_and_hot_region_recall	params_le_70k_INT8_weights_le_80KiB	THERMAL_UI_SINTERGRAPH	PRIMARY_TARGET	PRE_REGISTERED_PLAN_ONLY	0
CAND-P-004	OBJ-ICM-034-THERMAL-FIELD-FORECAST	five_calibrated_thermal_frames_heater_state_and_airflow	full_32x24_temperature_field_at_t_plus_5s	L0_L1	pixelwise_persistence	field_RMSE_C_hotspot_IoU_and_endpoint_error_px	params_le_80k_INT8_weights_le_96KiB	THERMAL_UI_SINTERGRAPH	PRIMARY_TARGET	PRE_REGISTERED_PLAN_ONLY	0
CAND-P-005	OBJ-ICM-035-PIXEL-DRIFT-MAP	dark_reference_uniform_scene_and_pixel_history	per_pixel_offset_drift_map_C	L0_L1	single_global_offset	drift_RMSE_C_and_bad_pixel_AUROC	params_le_32k_INT8_weights_le_40KiB	THERMAL_UI_SINTERGRAPH	PRIMARY_TARGET	PRE_REGISTERED_PLAN_ONLY	0
CAND-P-006	OBJ-ICM-036-THERMAL-FOV-HEALTH	thermal_frame_statistics_valid_pixel_mask_and_frame_age	FOV_health_clean_occluded_saturated_stale	L0_L1	fixed_valid_pixel_and_range_rules	macro_F1_stale_recall_and_ECE	params_le_24k_INT8_weights_le_32KiB	THERMAL_UI_SINTERGRAPH	PRIMARY_TARGET	PRE_REGISTERED_PLAN_ONLY	0
CAND-P-007	OBJ-ICM-037-INSULATION-LEAK-SEGMENTATION	thermal_shell_frame_ambient_and_geometry_mask	insulation_heat_leak_pixel_mask_and_severity	L0_L1	ambient_plus_fixed_delta_threshold	mIoU_event_AUPRC_and_severity_MAE	params_le_64k_INT8_weights_le_72KiB	THERMAL_UI_SINTERGRAPH	PRIMARY_TARGET	PRE_REGISTERED_PLAN_ONLY	0
CAND-P-008	OBJ-ICM-038-INVERSE-HEAT-FLUX	surface_temperature_sequence_material_properties_and_geometry	spatial_heat_flux_W_per_m2_map	L0_L1	one_dimensional_Fourier_conduction	normalized_RMSE_and_flux_correlation	params_le_72k_INT8_weights_le_88KiB	THERMAL_UI_SINTERGRAPH	PRIMARY_TARGET	PRE_REGISTERED_PLAN_ONLY	0
CAND-P-009	OBJ-ICM-039-HEATER-COUPLING-MAP	heater_command_current_and_thermal_response_sequence	per_zone_heater_to_surface_gain_map	L0_L1	uniform_scalar_gain	gain_RMSE_and_rank_correlation	params_le_56k_INT8_weights_le_64KiB	THERMAL_UI_SINTERGRAPH	PRIMARY_TARGET	PRE_REGISTERED_PLAN_ONLY	0
CAND-P-010	OBJ-ICM-040-HOTSPOT-TRAJECTORY	thermal_hotspot_centroids_over_five_frames_and_actuator_state	hotspot_xy_path_for_next_3s	L0_L1	constant_velocity_centroid	trajectory_ADE_px_and_FDE_px	params_le_36k_INT8_weights_le_48KiB	THERMAL_UI_SINTERGRAPH	PRIMARY_TARGET	PRE_REGISTERED_PLAN_ONLY	0
CAND-P-011	OBJ-ICM-041-RGBT-REGISTRATION	synchronized_OV5640_RGB_MLX90640_frames_and_calibration_targets	RGB_to_thermal_homography_parameters	L0_L1	identity_transform	corner_reprojection_MAE_px_and_registration_IoU	params_le_45k_INT8_weights_le_56KiB	THERMAL_UI_SINTERGRAPH	PRIMARY_TARGET	PRE_REGISTERED_PLAN_ONLY	0
CAND-P-012	OBJ-ICM-042-CRUCIBLE-FILL-RATIO	RGB_frame_crucible_mask_and_depth_free_geometry_features	powder_fill_ratio_percent	L0_L1	mask_area_geometric_ratio	fill_ratio_MAE_percentage_points	params_le_38k_INT8_weights_le_48KiB	THERMAL_UI_SINTERGRAPH	PRIMARY_TARGET	PRE_REGISTERED_PLAN_ONLY	0
CAND-P-013	OBJ-ICM-043-POWDER-UNIFORMITY	powder_ROI_texture_color_and_thermal_statistics	powder_surface_uniformity_score_0_to_1	L0_L1	local_variance_index	Spearman_rho_and_score_MAE	params_le_42k_INT8_weights_le_52KiB	THERMAL_UI_SINTERGRAPH	PRIMARY_TARGET	PRE_REGISTERED_PLAN_ONLY	0
CAND-P-014	OBJ-ICM-044-CONTAMINATION-SPOT-SEGMENTATION	RGB_powder_ROI_with_labeled_foreign_spots	contamination_pixel_mask	L0_L1	HSV_outlier_threshold	mIoU_spot_recall_and_false_spots_per_frame	params_le_64k_INT8_weights_le_72KiB	THERMAL_UI_SINTERGRAPH	PRIMARY_TARGET	PRE_REGISTERED_PLAN_ONLY	0
CAND-P-015	OBJ-ICM-045-SURFACE-CRUST-CRACK	RGB_surface_ROI_and_edge_context	crust_crack_pixel_mask_and_length	L0_L1	Canny_plus_morphology	mIoU_crack_F1_and_length_MAE_px	params_le_68k_INT8_weights_le_80KiB	THERMAL_UI_SINTERGRAPH	PRIMARY_TARGET	PRE_REGISTERED_PLAN_ONLY	0
CAND-P-016	OBJ-ICM-046-FUME-PLUME-SEGMENTATION	RGB_temporal_frames_background_model_and_gas_context	fume_plume_mask_and_area_fraction	L0_L1	frame_difference_threshold	mIoU_plume_event_F1_and_area_MAE	params_le_72k_INT8_weights_le_84KiB	THERMAL_UI_SINTERGRAPH	PRIMARY_TARGET	PRE_REGISTERED_PLAN_ONLY	0
CAND-P-017	OBJ-ICM-047-CAMERA-OPTICS-HEALTH	RGB_frame_sharpness_contrast_glare_and_temporal_features	optics_state_clean_fogged_occluded_glare	L0_L1	fixed_sharpness_and_saturation_thresholds	macro_F1_and_clean_false_alarm_rate	params_le_28k_INT8_weights_le_36KiB	THERMAL_UI_SINTERGRAPH	PRIMARY_TARGET	PRE_REGISTERED_PLAN_ONLY	0
CAND-P-018	OBJ-ICM-048-CRUCIBLE-RIM-INTEGRITY	RGB_rim_ROI_contour_and_temporal_consensus	rim_state_intact_chip_crack_occluded	L0_L1	ellipse_continuity_rule	macro_F1_and_damage_recall	params_le_52k_INT8_weights_le_64KiB	THERMAL_UI_SINTERGRAPH	PRIMARY_TARGET	PRE_REGISTERED_PLAN_ONLY	0
CAND-P-019	OBJ-ICM-049-MACRO-SURFACE-QUALITY	RGB_surface_texture_color_crack_and_contamination_features	ordered_surface_quality_grade_A_to_D	L0_L1	LBP_plus_linear_classifier	quadratic_kappa_macro_F1_and_grade_MAE	params_le_44k_INT8_weights_le_56KiB	THERMAL_UI_SINTERGRAPH	PRIMARY_TARGET	PRE_REGISTERED_PLAN_ONLY	0
CAND-P-020	OBJ-ICM-050-THERMAL-TARGET-AUTHENTICITY	RGB_thermal_temporal_parallax_frame_age_and_sensor_status	target_state_live_physical_stale_frame_reflection_screen_replay	L0_L1	entropy_and_frame_age_rules	macro_F1_replay_recall_and_live_false_reject_rate	params_le_48k_INT8_weights_le_60KiB	THERMAL_UI_SINTERGRAPH	PRIMARY_TARGET	PRE_REGISTERED_PLAN_ONLY	0
CAND-P-021	OBJ-ICM-051-DOOR-SEAL-LEAK	door_perimeter_thermal_sequence_ambient_and_fan_state	seal_leak_segment_and_severity	L0_L1	perimeter_temperature_delta_threshold	event_AUPRC_mIoU_and_severity_MAE	params_le_58k_INT8_weights_le_68KiB	THERMAL_UI_SINTERGRAPH	PRIMARY_TARGET	PRE_REGISTERED_PLAN_ONLY	0
CAND-P-022	OBJ-ICM-052-CRUCIBLE-WARP	RGB_rim_contour_calibration_scale_and_view_pose	rim_warp_deviation_mm_and_direction	L0_L1	best_fit_ellipse_residual	warp_MAE_mm_and_direction_accuracy	params_le_40k_INT8_weights_le_48KiB	THERMAL_UI_SINTERGRAPH	PRIMARY_TARGET	PRE_REGISTERED_PLAN_ONLY	0
CAND-P-023	OBJ-ICM-053-TC-CONTACT-PLACEMENT	MAX31856_TC_CJ_SHT30_and_thermal_ROI_sequences	contact_state_valid_loose_misaligned_detached	L0_L1	fixed_TC_to_surface_disagreement_rule	macro_F1_detached_recall_and_ECE	params_le_28k_INT8_weights_le_36KiB	DEVICE_EVIDENCE_MAINTENANCE	PRIMARY_TARGET	PRE_REGISTERED_PLAN_ONLY	0
CAND-P-024	OBJ-ICM-054-MAX56-BIAS-COMPENSATION	MAX31856_TC_CJ_fault_bits_reference_bath_and_ambient	temperature_bias_correction_C	L0_L1	zero_bias_correction	corrected_temperature_MAE_C_and_p95_error	params_le_24k_INT8_weights_le_32KiB	DEVICE_EVIDENCE_MAINTENANCE	PRIMARY_TARGET	PRE_REGISTERED_PLAN_ONLY	0
CAND-P-025	OBJ-ICM-055-SHT-CONDENSATION-STATE	SHT30_temperature_RH_dewpoint_trend_and_surface_reference	dry_condensation_risk_condensed_state	L0_L1	dewpoint_margin_threshold	macro_F1_condensed_recall_and_warning_lead_time_s	params_le_18k_INT8_weights_le_24KiB	DEVICE_EVIDENCE_MAINTENANCE	PRIMARY_TARGET	PRE_REGISTERED_PLAN_ONLY	0
CAND-P-026	OBJ-ICM-056-MQ-TH-COMPENSATION	MQ135_raw_SHT30_temperature_RH_and_warmup_age	temperature_humidity_compensated_gas_response	L0_L1	uncompensated_MQ_raw_value	normalized_MAE_and_cross_condition_R2	params_le_20k_INT8_weights_le_28KiB	DEVICE_EVIDENCE_MAINTENANCE	PRIMARY_TARGET	PRE_REGISTERED_PLAN_ONLY	0
CAND-P-027	OBJ-ICM-057-MQ-READINESS	MQ135_warmup_curve_temperature_supply_and_derivative	ready_unstable_fault_state_and_time_to_ready	L0_L1	fixed_180s_warmup_timer	macro_F1_and_time_to_ready_MAE_s	params_le_16k_INT8_weights_le_24KiB	DEVICE_EVIDENCE_MAINTENANCE	PRIMARY_TARGET	PRE_REGISTERED_PLAN_ONLY	0
CAND-P-028	OBJ-ICM-058-ADXL-SIGNAL-QUALITY	ADXL345_raw_axes_range_spectrum_and_interrupt_status	signal_state_clean_clipped_EMI_stuck_disconnected	L0_L1	range_RMS_and_zero_variance_rules	macro_F1_EMI_recall_and_false_gate_rate	params_le_24k_INT8_weights_le_32KiB	DEVICE_EVIDENCE_MAINTENANCE	PRIMARY_TARGET	PRE_REGISTERED_PLAN_ONLY	0
CAND-P-029	OBJ-ICM-059-INA-TEMP-DRIFT-COMP	INA226_shunt_bus_temperature_and_zero_load_history	temperature_compensated_current_mA	L0_L1	uncompensated_INA_reading	current_MAE_mA_and_zero_offset_p95	params_le_18k_INT8_weights_le_24KiB	DEVICE_EVIDENCE_MAINTENANCE	PRIMARY_TARGET	PRE_REGISTERED_PLAN_ONLY	0
CAND-P-030	OBJ-ICM-060-POWER-RAIL-EVENT	INA226_bus_shunt_current_sequence_and_GPIO_commands	event_none_sag_surge_inrush_dropout_with_onset	L0_L1	fixed_voltage_current_thresholds	event_macro_F1_and_onset_MAE_ms	params_le_30k_INT8_weights_le_40KiB	DEVICE_EVIDENCE_MAINTENANCE	PRIMARY_TARGET	PRE_REGISTERED_PLAN_ONLY	0
CAND-P-031	OBJ-ICM-061-PTC-THERMAL-EFFICIENCY	PTC_voltage_current_thermal_response_and_ambient	thermal_gain_C_per_W_and_efficiency_percent	L0_L1	rated_power_static_gain	efficiency_MAPE_and_gain_MAE	params_le_26k_INT8_weights_le_36KiB	DEVICE_EVIDENCE_MAINTENANCE	PRIMARY_TARGET	PRE_REGISTERED_PLAN_ONLY	0
CAND-P-032	OBJ-ICM-062-PTC-DEGRADATION	PTC_cycle_count_resistance_efficiency_and_heatup_history	health_index_and_remaining_cycles	L0_L1	no_degradation_constant_health	health_MAE_and_RUL_concordance_index	params_le_30k_INT8_weights_le_40KiB	DEVICE_EVIDENCE_MAINTENANCE	PRIMARY_TARGET	PRE_REGISTERED_PLAN_ONLY	0
CAND-P-033	OBJ-ICM-063-RELAY-CONTACT-HEALTH	relay_command_INA_current_voltage_and_switch_transient	normal_bounce_high_resistance_welded_open_state	L0_L1	current_present_absent_threshold	macro_F1_welded_recall_and_switch_delay_MAE_ms	params_le_24k_INT8_weights_le_32KiB	DEVICE_EVIDENCE_MAINTENANCE	PRIMARY_TARGET	PRE_REGISTERED_PLAN_ONLY	0
CAND-P-034	OBJ-ICM-064-MOSFET-CONDUCTION-HEALTH	MOSFET_gate_command_bus_current_voltage_temperature_and_off_leak	Rds_proxy_and_normal_open_short_leaky_state	L0_L1	fixed_Rds_and_leak_thresholds	Rds_MAPE_macro_F1_and_short_recall	params_le_24k_INT8_weights_le_32KiB	DEVICE_EVIDENCE_MAINTENANCE	PRIMARY_TARGET	PRE_REGISTERED_PLAN_ONLY	0
CAND-P-035	OBJ-ICM-065-FAN-EFFICIENCY	fan_voltage_current_tach_thermal_decay_and_command	cooling_gain_per_watt	L0_L1	fixed_nominal_RPM_per_watt_map	cooling_gain_MAPE_and_efficiency_rank_correlation	params_le_28k_INT8_weights_le_36KiB	DEVICE_EVIDENCE_MAINTENANCE	PRIMARY_TARGET	PRE_REGISTERED_PLAN_ONLY	0
CAND-P-036	OBJ-ICM-066-FAN-BEARING-FAULT	ADXL_spectrum_tach_jitter_current_and_fan_command	bearing_state_healthy_imbalance_wear_rub	L0_L1	vibration_RMS_threshold	macro_F1_wear_recall_and_ECE	params_le_36k_INT8_weights_le_48KiB	DEVICE_EVIDENCE_MAINTENANCE	PRIMARY_TARGET	PRE_REGISTERED_PLAN_ONLY	0
CAND-P-037	OBJ-ICM-067-FAN-BLOCKAGE	fan_tach_current_thermal_decay_and_command	blockage_severity_none_partial_full	L0_L1	tach_only_threshold	macro_F1_and_severity_MAE	params_le_30k_INT8_weights_le_40KiB	DEVICE_EVIDENCE_MAINTENANCE	PRIMARY_TARGET	PRE_REGISTERED_PLAN_ONLY	0
CAND-P-038	OBJ-ICM-068-TACH-DENOISE	PH11_edge_intervals_GPIO_level_and_EMI_context	clean_edge_frequency_Hz_and_confidence	L0_L1	fixed_debounce_filter	RPM_MAE_edge_precision_and_dropout_rate	params_le_16k_INT8_weights_le_24KiB	DEVICE_EVIDENCE_MAINTENANCE	PRIMARY_TARGET	PRE_REGISTERED_PLAN_ONLY	0
CAND-P-039	OBJ-ICM-069-MOTOR-MECHANICAL-FAULT	motor_ADXL_spectrum_current_command_and_speed_state	healthy_imbalance_misalignment_looseness_stall_class	L0_L1	AI10_running_stopped_output	macro_F1_stall_recall_and_ECE	params_le_40k_INT8_weights_le_52KiB	DEVICE_EVIDENCE_MAINTENANCE	PRIMARY_TARGET	PRE_REGISTERED_PLAN_ONLY	0
CAND-P-040	OBJ-ICM-070-MOTOR-LOAD-DRAG	motor_current_vibration_speed_command_and_baseline_curve	load_drag_torque_proxy_and_excess_drag_score	L0_L1	current_only_linear_fit	torque_proxy_MAE_and_drag_AUPRC	params_le_24k_INT8_weights_le_32KiB	DEVICE_EVIDENCE_MAINTENANCE	PRIMARY_TARGET	PRE_REGISTERED_PLAN_ONLY	0
CAND-P-041	OBJ-ICM-071-RTC-TEMPERATURE-DRIFT	DS3231_temperature_elapsed_reference_time_and_aging_offset	clock_drift_ppm_vs_temperature	L0_L1	zero_ppm_drift	drift_MAE_ppm_and_24h_time_error_ms	params_le_14k_INT8_weights_le_20KiB	DEVICE_EVIDENCE_MAINTENANCE	PRIMARY_TARGET	PRE_REGISTERED_PLAN_ONLY	0
CAND-P-042	OBJ-ICM-072-SINTERGRAPH-PSP	preburn_recipe_planned_profile_and_process_EvidenceCards_as_of_cutoff	postburn_structure_property_distribution_and_typed_PSP_edges	L2_OPEN	recipe_only_MSC_tree_and_no_graph_multitask_baselines	edge_AUPRC_property_MAE_WIS_and_worst_group_error	params_le_96k_INT8_weights_le_112KiB	SINTERGRAPH_VERIPROCESS	PRIMARY_TARGET	PRE_REGISTERED_PLAN_ONLY	0
CAND-P-043	OBJ-ICM-073-PRECURSOR-COMPATIBILITY	precursor_formulas_purity_particle_size_and_target_host	precursor_pair_compatibility_probability	L2_OPEN	element_balance_and_valence_hard_rules	AUPRC_Brier_score_and_incompatible_recall	params_le_34k_INT8_weights_le_44KiB	SINTERGRAPH_MATERIAL_CARD	PRIMARY_TARGET	PRE_REGISTERED_PLAN_ONLY	0
CAND-P-044	OBJ-ICM-074-SYNTHESIZABILITY	composition_precursors_atmosphere_and_recipe_features	successful_target_phase_synthesis_probability	L2_OPEN	nearest_neighbor_recipe_success_rate	AUROC_Brier_score_and_ECE	params_le_46k_INT8_weights_le_56KiB	SINTERGRAPH_MATERIAL_CARD	PRIMARY_TARGET	PRE_REGISTERED_PLAN_ONLY	0
CAND-P-045	OBJ-ICM-075-COMPETING-PHASE-RANKING	target_composition_precursors_temperature_and_candidate_phases	ranked_competing_phase_list	L2_OPEN	formation_energy_only_ranking	NDCG_at_5_MRR_and_top1_accuracy	params_le_48k_INT8_weights_le_60KiB	SINTERGRAPH_MATERIAL_CARD	PRIMARY_TARGET	PRE_REGISTERED_PLAN_ONLY	0
CAND-P-046	OBJ-ICM-076-REACTION-PATH-RANKING	reactant_product_graph_temperature_and_atmosphere	ranked_intermediate_reaction_paths	L2_OPEN	shortest_stoichiometric_path	path_NDCG_at_5_and_top1_accuracy	params_le_52k_INT8_weights_le_64KiB	SINTERGRAPH_MATERIAL_CARD	PRIMARY_TARGET	PRE_REGISTERED_PLAN_ONLY	0
CAND-P-047	OBJ-ICM-077-REACTION-ONSET	composition_precursor_and_heating_rate_features	reaction_onset_temperature_C	L2_OPEN	material_family_median_onset	MAE_C_and_interval_coverage	params_le_34k_INT8_weights_le_44KiB	SINTERGRAPH_MATERIAL_CARD	PRIMARY_TARGET	PRE_REGISTERED_PLAN_ONLY	0
CAND-P-048	OBJ-ICM-078-PHASE-COMPLETION	composition_schedule_atmosphere_and_phase_evidence	phase_completion_temperature_C_and_time_min	L2_OPEN	fixed_recipe_endpoint	temperature_MAE_C_time_MAE_min_and_completion_AUROC	params_le_40k_INT8_weights_le_52KiB	SINTERGRAPH_MATERIAL_CARD	PRIMARY_TARGET	PRE_REGISTERED_PLAN_ONLY	0
CAND-P-049	OBJ-ICM-079-DENSIFICATION	powder_properties_composition_and_temperature_time_curve	relative_density_trajectory_percent	L2_OPEN	master_sintering_curve_fit	trajectory_RMSE_percent_and_final_density_MAE	params_le_44k_INT8_weights_le_56KiB	SINTERGRAPH_MATERIAL_CARD	PRIMARY_TARGET	PRE_REGISTERED_PLAN_ONLY	0
CAND-P-050	OBJ-ICM-080-SINTERING-SHRINKAGE	green_density_particle_size_and_schedule	linear_shrinkage_trajectory_percent	L2_OPEN	linear_thermal_expansion_baseline	trajectory_RMSE_percent_and_final_shrinkage_MAE	params_le_42k_INT8_weights_le_52KiB	SINTERGRAPH_MATERIAL_CARD	PRIMARY_TARGET	PRE_REGISTERED_PLAN_ONLY	0
CAND-P-051	OBJ-ICM-081-GRAIN-GROWTH	initial_grain_size_dopant_atmosphere_and_thermal_dose	final_grain_size_um_and_growth_exponent	L2_OPEN	single_Arrhenius_growth_law	log_grain_MAE_and_growth_exponent_MAE	params_le_38k_INT8_weights_le_48KiB	SINTERGRAPH_MATERIAL_CARD	PRIMARY_TARGET	PRE_REGISTERED_PLAN_ONLY	0
CAND-P-052	OBJ-ICM-082-AGGLOMERATION-RISK	particle_size_BET_mixing_calcination_and_dopant_features	agglomeration_risk_probability_and_grade	L2_OPEN	particle_size_BET_threshold	AUROC_AUPRC_and_grade_MAE	params_le_32k_INT8_weights_le_42KiB	SINTERGRAPH_MATERIAL_CARD	PRIMARY_TARGET	PRE_REGISTERED_PLAN_ONLY	0
CAND-P-053	OBJ-ICM-083-CR-VALENCE-RETENTION	Cr_concentration_host_atmosphere_temperature_and_time	Cr3plus_retention_fraction	L2_OPEN	oxidizing_reducing_atmosphere_rule	fraction_MAE_and_low_retention_AUPRC	params_le_38k_INT8_weights_le_48KiB	SINTERGRAPH_MATERIAL_CARD	PRIMARY_TARGET	PRE_REGISTERED_PLAN_ONLY	0
CAND-P-054	OBJ-ICM-084-OXYGEN-VACANCY-CONDITION	composition_charge_balance_atmosphere_and_thermal_history	oxygen_vacancy_state_and_concentration_rank	L2_OPEN	charge_neutrality_rule	macro_F1_and_Spearman_rho	params_le_40k_INT8_weights_le_52KiB	SINTERGRAPH_MATERIAL_CARD	PRIMARY_TARGET	PRE_REGISTERED_PLAN_ONLY	0
CAND-P-055	OBJ-ICM-085-DOPANT-ACTIVATION	nominal_dopant_fraction_host_site_atmosphere_and_phase_quality	optically_active_dopant_fraction	L2_OPEN	nominal_dopant_fraction_as_activation	activation_fraction_MAE_and_rank_correlation	params_le_36k_INT8_weights_le_48KiB	SINTERGRAPH_MATERIAL_CARD	PRIMARY_TARGET	PRE_REGISTERED_PLAN_ONLY	0
CAND-P-056	OBJ-ICM-086-SITE-OCCUPANCY-RANKING	host_crystal_sites_dopant_radius_charge_and_coordination	ranked_dopant_site_occupancy	L2_OPEN	ionic_radius_mismatch_rule	NDCG_at_sites_top1_accuracy_and_ECE	params_le_44k_INT8_weights_le_56KiB	SINTERGRAPH_MATERIAL_CARD	PRIMARY_TARGET	PRE_REGISTERED_PLAN_ONLY	0
CAND-P-057	OBJ-ICM-087-NIR-EXCITATION-PEAK	host_dopant_site_and_excitation_spectrum_features	NIR_excitation_peak_wavelength_nm	L2_OPEN	host_family_median_excitation_peak	MAE_nm_and_p95_error_nm	params_le_36k_INT8_weights_le_48KiB	SINTERGRAPH_MATERIAL_CARD	PRIMARY_TARGET	PRE_REGISTERED_PLAN_ONLY	0
CAND-P-058	OBJ-ICM-088-NIR-DECAY-TIME	host_dopant_concentration_site_and_temperature	NIR_decay_lifetime_log_microseconds	L2_OPEN	host_dopant_family_median_lifetime	log_lifetime_MAE_and_interval_coverage	params_le_34k_INT8_weights_le_44KiB	SINTERGRAPH_MATERIAL_CARD	PRIMARY_TARGET	PRE_REGISTERED_PLAN_ONLY	0
CAND-P-059	OBJ-ICM-089-IQE-RANKING	composition_process_phase_and_PL_features	internal_quantum_efficiency_rank_and_calibrated_score	L2_OPEN	integrated_PL_intensity_proxy	Spearman_rho_NDCG_at_5_and_ECE	params_le_40k_INT8_weights_le_52KiB	SINTERGRAPH_MATERIAL_CARD	PRIMARY_TARGET	PRE_REGISTERED_PLAN_ONLY	0
CAND-P-060	OBJ-ICM-090-CIE-CHROMATICITY	normalized_emission_spectrum_and_measurement_geometry	CIE_x_y_coordinates	L2_OPEN	spectral_centroid_linear_map	xy_MAE_and_DeltaE2000	params_le_28k_INT8_weights_le_36KiB	SINTERGRAPH_MATERIAL_CARD	PRIMARY_TARGET	PRE_REGISTERED_PLAN_ONLY	0
CAND-P-061	OBJ-ICM-091-NIR-INTENSITY-RANK	composition_process_phase_and_measurement_normalization	normalized_NIR_intensity_rank	L2_OPEN	raw_integrated_intensity_without_correction	NDCG_at_5_Spearman_rho_and_pairwise_accuracy	params_le_38k_INT8_weights_le_48KiB	SINTERGRAPH_MATERIAL_CARD	PRIMARY_TARGET	PRE_REGISTERED_PLAN_ONLY	0
CAND-P-062	OBJ-ICM-092-THERMAL-QUENCH-KINETICS	multi_temperature_PL_intensity_curve_host_and_dopant	activation_energy_eV_and_kinetic_curve_parameters	L2_OPEN	three_band_AI7_class_centroid	activation_energy_MAE_curve_R2_and_parameter_ECE	params_le_46k_INT8_weights_le_58KiB	SINTERGRAPH_MATERIAL_CARD	PRIMARY_TARGET	PRE_REGISTERED_PLAN_ONLY	0
CAND-P-063	OBJ-ICM-093-OUTGASSING-PHASE	gas_response_temperature_heating_rate_and_precursor_features	outgassing_species_phase_class_and_onset	L2_OPEN	single_MQ_threshold_event	macro_F1_onset_MAE_C_and_species_recall	params_le_38k_INT8_weights_le_48KiB	SINTERGRAPH_MATERIAL_CARD	PRIMARY_TARGET	PRE_REGISTERED_PLAN_ONLY	0
CAND-P-064	OBJ-ICM-094-MOISTURE-RELEASE	SHT_MQ_temperature_precursor_and_drying_history	moisture_release_onset_C_and_integrated_release	L2_OPEN	humidity_delta_threshold	onset_MAE_C_area_MAPE_and_event_AUPRC	params_le_34k_INT8_weights_le_44KiB	SINTERGRAPH_MATERIAL_CARD	PRIMARY_TARGET	PRE_REGISTERED_PLAN_ONLY	0
CAND-P-065	OBJ-ICM-095-CALCINATION-COMPLETION	thermal_dose_gas_mass_proxy_and_phase_features	calcination_completion_probability_and_time	L2_OPEN	fixed_soak_time_rule	AUROC_Brier_score_and_time_MAE_min	params_le_42k_INT8_weights_le_52KiB	SINTERGRAPH_MATERIAL_CARD	PRIMARY_TARGET	PRE_REGISTERED_PLAN_ONLY	0
CAND-P-066	OBJ-ICM-096-BATCH-TRANSFER-DRIFT	source_target_batch_recipe_sensor_and_property_vectors	property_drift_vector_and_transfer_risk	L2_OPEN	zero_drift_assumption	multitarget_MAE_MMD_reduction_and_risk_AUROC	params_le_48k_INT8_weights_le_60KiB	SINTERGRAPH_MATERIAL_CARD	PRIMARY_TARGET	PRE_REGISTERED_PLAN_ONLY	0
CAND-P-067	OBJ-ICM-097-EXPERIMENTAL-BANDGAP	composition_structure_and_experimental_metadata	experimentally_measured_bandgap_eV	OPEN_COMPUTED_EXPERIMENT_SEPARATED	composition_family_median	MAE_eV_and_calibration_interval_coverage	params_le_52k_INT8_weights_le_64KiB	SEMIMAT_SCREENING	PRIMARY_TARGET	PRE_REGISTERED_PLAN_ONLY	0
CAND-P-068	OBJ-ICM-098-EXPERIMENTAL-METALLICITY	composition_structure_and_experimental_transport_metadata	experimental_metal_semiconductor_insulator_class	OPEN_COMPUTED_EXPERIMENT_SEPARATED	majority_class_by_material_family	macro_F1_AUROC_and_ECE	params_le_44k_INT8_weights_le_56KiB	SEMIMAT_SCREENING	PRIMARY_TARGET	PRE_REGISTERED_PLAN_ONLY	0
CAND-P-069	OBJ-ICM-099-FORMATION-ENERGY	composition_crystal_graph_and_computational_provenance	formation_energy_eV_per_atom	OPEN_COMPUTED_EXPERIMENT_SEPARATED	chemistry_family_mean	MAE_eV_per_atom_and_rank_Spearman	params_le_64k_INT8_weights_le_80KiB	SEMIMAT_SCREENING	PRIMARY_TARGET	PRE_REGISTERED_PLAN_ONLY	0
CAND-P-070	OBJ-ICM-100-POINT-DEFECT-FORMATION-ENERGY	pristine_structure_defect_type_charge_state_and_chemical_potentials	point_defect_formation_energy_eV	OPEN_COMPUTED_EXPERIMENT_SEPARATED	pristine_formation_energy_plus_defect_constant	MAE_eV_and_defect_rank_NDCG	params_le_70k_INT8_weights_le_88KiB	SEMIMAT_SCREENING	PRIMARY_TARGET	PRE_REGISTERED_PLAN_ONLY	0
CAND-P-071	OBJ-ICM-101-TBMBJ-BANDGAP	composition_structure_and_TBmBJ_computation_metadata	TBmBJ_computed_bandgap_eV	OPEN_COMPUTED_EXPERIMENT_SEPARATED	linear_correction_from_PBE_gap	MAE_eV_and_rank_Spearman	params_le_60k_INT8_weights_le_72KiB	SEMIMAT_SCREENING	PRIMARY_TARGET	PRE_REGISTERED_PLAN_ONLY	0
CAND-P-072	OBJ-ICM-102-STATIC-DIELECTRIC	composition_structure_bandgap_density_and_provenance	static_dielectric_constant	OPEN_COMPUTED_EXPERIMENT_SEPARATED	inverse_bandgap_linear_fit	log_MAE_and_relative_MAPE	params_le_58k_INT8_weights_le_72KiB	SEMIMAT_SCREENING	PRIMARY_TARGET	PRE_REGISTERED_PLAN_ONLY	0
CAND-P-073	OBJ-ICM-103-OPTICAL-ABSORPTION-ONSET	composition_structure_and_absorption_spectrum_metadata	optical_absorption_onset_eV	OPEN_COMPUTED_EXPERIMENT_SEPARATED	predicted_bandgap_as_onset	MAE_eV_and_p95_error	params_le_54k_INT8_weights_le_68KiB	SEMIMAT_SCREENING	PRIMARY_TARGET	PRE_REGISTERED_PLAN_ONLY	0
CAND-P-074	OBJ-ICM-104-ELECTRON-EFFECTIVE-MASS	band_edge_features_structure_and_computation_metadata	electron_effective_mass_in_m0	OPEN_COMPUTED_EXPERIMENT_SEPARATED	material_family_median_electron_mass	log_MAE_and_rank_Spearman	params_le_50k_INT8_weights_le_64KiB	SEMIMAT_SCREENING	PRIMARY_TARGET	PRE_REGISTERED_PLAN_ONLY	0
CAND-P-075	OBJ-ICM-105-HOLE-EFFECTIVE-MASS	valence_band_features_structure_and_computation_metadata	hole_effective_mass_in_m0	OPEN_COMPUTED_EXPERIMENT_SEPARATED	material_family_median_hole_mass	log_MAE_and_rank_Spearman	params_le_50k_INT8_weights_le_64KiB	SEMIMAT_SCREENING	PRIMARY_TARGET	PRE_REGISTERED_PLAN_ONLY	0
CAND-P-076	OBJ-ICM-106-BULK-MODULUS	composition_structure_density_and_elastic_metadata	bulk_modulus_GPa	OPEN_COMPUTED_EXPERIMENT_SEPARATED	density_linear_regression	MAE_GPa_and_relative_MAPE	params_le_48k_INT8_weights_le_60KiB	SEMIMAT_SCREENING	PRIMARY_TARGET	PRE_REGISTERED_PLAN_ONLY	0
CAND-P-077	OBJ-ICM-107-SHEAR-MODULUS	composition_structure_density_and_elastic_metadata	shear_modulus_GPa	OPEN_COMPUTED_EXPERIMENT_SEPARATED	fixed_Poisson_relation_from_bulk_modulus	MAE_GPa_and_relative_MAPE	params_le_48k_INT8_weights_le_60KiB	SEMIMAT_SCREENING	PRIMARY_TARGET	PRE_REGISTERED_PLAN_ONLY	0
CAND-P-078	OBJ-ICM-108-EXFOLIATION-ENERGY	layered_structure_interlayer_distance_and_computational_metadata	exfoliation_energy_J_per_m2	OPEN_COMPUTED_EXPERIMENT_SEPARATED	layered_material_family_median	MAE_J_per_m2_and_easy_exfoliation_AUROC	params_le_56k_INT8_weights_le_68KiB	SEMIMAT_SCREENING	PRIMARY_TARGET	PRE_REGISTERED_PLAN_ONLY	0
CAND-P-079	OBJ-ICM-109-CONCENTRATION-QUENCH-KINETICS	dopant_concentration_host_process_and_normalized_PL_series	critical_concentration_and_quenching_rate_parameters	L2_OPEN	piecewise_log_linear_concentration_curve	critical_concentration_MAE_curve_R2_and_rank_correlation	params_le_58k_INT8_weights_le_72KiB	SINTERGRAPH_MATERIAL_CARD	PRIMARY_TARGET	PRE_REGISTERED_PLAN_ONLY	0
CAND-P-080	OBJ-ICM-110-NIR-QUANTUM-YIELD	calibrated_excitation_emission_photon_counts_host_dopant_and_process	absolute_NIR_internal_quantum_yield_and_interval	L2_OPEN	host_family_median_quantum_yield	MAE_percent_Spearman_rho_WIS_and_coverage	params_le_54k_INT8_weights_le_68KiB	SINTERGRAPH_MATERIAL_CARD	PRIMARY_TARGET	PRE_REGISTERED_PLAN_ONLY	0
CAND-P-081	OBJ-ICM-111-NIR-PERSISTENCE-AFTERGLOW	time_resolved_NIR_decay_host_dopant_trap_and_process_features	afterglow_t10_seconds_and_integrated_persistence	L2_OPEN	biexponential_curve_fit	relative_MAE_curve_R2_and_interval_coverage	params_le_52k_INT8_weights_le_64KiB	SINTERGRAPH_MATERIAL_CARD	PRIMARY_TARGET	PRE_REGISTERED_PLAN_ONLY	0
CAND-P-082	OBJ-ICM-112-REACTION-ACTIVATION-ENERGY	multirate_thermal_history_phase_completion_and_composition	activation_energy_kJ_per_mol_with_mechanism_interval	L2_OPEN	Kissinger_linear_fit	MAE_kJ_per_mol_WIS_coverage_and_worst_host_error	params_le_58k_INT8_weights_le_72KiB	SINTERGRAPH_MATERIAL_CARD	PRIMARY_TARGET	PRE_REGISTERED_PLAN_ONLY	0
CAND-P-083	OBJ-ICM-113-SURFACE-AREA-EVOLUTION	precursor_surface_area_particle_features_and_thermal_history	BET_surface_area_trajectory_m2_per_g	L2_OPEN	stagewise_exponential_decay	trajectory_RMSE_endpoint_MAE_and_monotonic_violation_rate	params_le_58k_INT8_weights_le_72KiB	SINTERGRAPH_MATERIAL_CARD	PRIMARY_TARGET	PRE_REGISTERED_PLAN_ONLY	0
CAND-P-084	OBJ-ICM-114-INTERFACE-ADHESION	two_material_surface_descriptors_orientation_and_interface_metadata	interface_adhesion_energy_J_per_m2	OPEN_COMPUTED_EXPERIMENT_SEPARATED	sum_of_surface_energies	MAE_J_per_m2_and_weak_interface_AUROC	params_le_66k_INT8_weights_le_80KiB	SEMIMAT_SCREENING	PRIMARY_TARGET	PRE_REGISTERED_PLAN_ONLY	0
CAND-P-085	OBJ-ICM-115-PHASE-FRACTION-UNCERTAINTY	XRD_pattern_instrument_metadata_candidate_phases_and_quality_flags	calibrated_phase_fraction_vector_and_prediction_interval	L2_OPEN	constrained_Rietveld_point_estimate	fraction_MAE_WIS_joint_coverage_and_sum_to_one_error	params_le_60k_INT8_weights_le_76KiB	SINTERGRAPH_MATERIAL_CARD	PRIMARY_TARGET	PRE_REGISTERED_PLAN_ONLY	0
CAND-P-086	OBJ-ICM-116-PHONON-DYNAMIC-STABILITY	structure_force_constant_proxies_and_computational_metadata	dynamically_stable_or_imaginary_phonon_class	OPEN_COMPUTED_EXPERIMENT_SEPARATED	formation_energy_threshold	AUROC_macro_F1_and_unstable_recall	params_le_62k_INT8_weights_le_76KiB	SEMIMAT_SCREENING	PRIMARY_TARGET	PRE_REGISTERED_PLAN_ONLY	0
CAND-P-087	OBJ-ICM-117-SECOM-YIELD	SECOM_wafer_sensor_vector_missingness_mask_and_lot_split	pass_fail_yield_label	OPEN_Q	regularized_logistic_regression	MCC_AUPRC_and_balanced_accuracy	params_le_58k_INT8_weights_le_72KiB	FABQUALITY_METROLOGY	PRIMARY_TARGET	PRE_REGISTERED_PLAN_ONLY	0
CAND-P-088	OBJ-ICM-118-FAB-SENSOR-IMPUTATION	masked_fab_sensor_vector_missingness_pattern_and_context	imputed_sensor_values_with_uncertainty	OPEN_Q	per_feature_median_imputation	normalized_RMSE_MAE_and_coverage	params_le_64k_INT8_weights_le_80KiB	FABQUALITY_METROLOGY	PRIMARY_TARGET	PRE_REGISTERED_PLAN_ONLY	0
CAND-P-089	OBJ-ICM-119-CMP-MRR-VIRTUAL-METROLOGY	CMP_pressure_speed_slurry_time_and_tool_features	material_removal_rate_nm_per_min	OPEN_Q	linear_Preston_equation	MAPE_RMSE_and_interval_coverage	params_le_46k_INT8_weights_le_58KiB	FABQUALITY_METROLOGY	PRIMARY_TARGET	PRE_REGISTERED_PLAN_ONLY	0
CAND-P-090	OBJ-ICM-120-CMP-ENDPOINT	CMP_multisensor_sequence_recipe_and_target_thickness	endpoint_time_s_and_reached_probability	OPEN_Q	fixed_recipe_endpoint_time	time_MAE_s_event_AUPRC_and_early_stop_rate	params_le_56k_INT8_weights_le_68KiB	FABQUALITY_METROLOGY	PRIMARY_TARGET	PRE_REGISTERED_PLAN_ONLY	0
CAND-P-091	OBJ-ICM-121-IONMILL-FAULT	ion_mill_multisensor_window_command_and_maintenance_context	fault_type_normal_plasma_cooling_power_vacuum	OPEN_Q	fixed_univariate_alarm_thresholds	macro_F1_fault_recall_and_ECE	params_le_52k_INT8_weights_le_64KiB	FABQUALITY_METROLOGY	PRIMARY_TARGET	PRE_REGISTERED_PLAN_ONLY	0
CAND-P-092	OBJ-ICM-122-IONMILL-TTF	ion_mill_health_sequence_usage_age_and_fault_history	time_to_failure_hours_and_survival_curve	OPEN_Q	single_Weibull_survival_model	concordance_index_integrated_Brier_and_MAE_hours	params_le_48k_INT8_weights_le_60KiB	FABQUALITY_METROLOGY	PRIMARY_TARGET	PRE_REGISTERED_PLAN_ONLY	0
CAND-P-093	OBJ-ICM-123-PVD-FAULT	PVD_pressure_power_flow_temperature_and_rate_sequence	PVD_fault_type_and_probability	OPEN_Q	PCA_reconstruction_error	macro_F1_AUROC_and_fault_recall	params_le_54k_INT8_weights_le_68KiB	FABQUALITY_METROLOGY	PRIMARY_TARGET	PRE_REGISTERED_PLAN_ONLY	0
CAND-P-094	OBJ-ICM-124-PVD-DRIFT-TRAJECTORY	PVD_multisensor_history_target_recipe_and_maintenance_events	next_horizon_deposition_rate_and_sensor_drift_vector	OPEN_Q	last_value_persistence	multivariate_RMSE_drift_AUPRC_and_horizon_stability	params_le_62k_INT8_weights_le_76KiB	FABQUALITY_METROLOGY	PRIMARY_TARGET	PRE_REGISTERED_PLAN_ONLY	0
CAND-P-095	OBJ-ICM-125-SEM-DEFECT-CLASS	SEM_defect_crop_scale_and_acquisition_metadata	defect_class_particle_scratch_void_bridge_pattern_other	OPEN_Q	HOG_plus_linear_SVM	macro_F1_rare_class_recall_and_ECE	params_le_76k_INT8_weights_le_92KiB	FABQUALITY_METROLOGY	PRIMARY_TARGET	PRE_REGISTERED_PLAN_ONLY	0
CAND-P-096	OBJ-ICM-126-SEM-DEFECT-SEGMENTATION	SEM_image_scale_and_pixelwise_defect_annotation	defect_pixel_mask	OPEN_Q	adaptive_threshold_plus_watershed	mIoU_boundary_F1_and_small_defect_recall	params_le_88k_INT8_weights_le_104KiB	FABQUALITY_METROLOGY	PRIMARY_TARGET	PRE_REGISTERED_PLAN_ONLY	0
CAND-P-097	OBJ-ICM-127-SEM-CRITICAL-DIMENSION	SEM_line_space_image_pixel_scale_and_reference_metrology	critical_dimension_nm_and_uncertainty	OPEN_Q	edge_threshold_line_fit	MAE_nm_p95_error_and_interval_coverage	params_le_54k_INT8_weights_le_68KiB	FABQUALITY_METROLOGY	PRIMARY_TARGET	PRE_REGISTERED_PLAN_ONLY	0
CAND-P-098	OBJ-ICM-128-SEM-OVERLAY	paired_SEM_layers_alignment_marks_and_pixel_scale	overlay_dx_dy_nm	OPEN_Q	phase_correlation_alignment	vector_MAE_nm_p95_norm_error_and_direction_accuracy	params_le_58k_INT8_weights_le_72KiB	FABQUALITY_METROLOGY	PRIMARY_TARGET	PRE_REGISTERED_PLAN_ONLY	0
CAND-P-099	OBJ-ICM-129-SEM-IMAGE-QUALITY	SEM_image_acquisition_settings_noise_blur_charging_features	quality_score_and_usable_unusable_flag	OPEN_Q	Fourier_sharpness_threshold	Spearman_rho_AUROC_and_false_reject_rate	params_le_32k_INT8_weights_le_42KiB	FABQUALITY_METROLOGY	PRIMARY_TARGET	PRE_REGISTERED_PLAN_ONLY	0
CAND-P-100	OBJ-ICM-130-EUV-SCATTEROMETRY-INVERSE	scatterometry_curve_wavelength_angle_and_profile_prior	line_width_sidewall_angle_and_height_profile	OPEN_Q	nearest_LUT_profile	normalized_RMSE_parameter_MAE_and_profile_chi_square	params_le_86k_INT8_weights_le_104KiB	FABQUALITY_METROLOGY	PRIMARY_TARGET	PRE_REGISTERED_PLAN_ONLY	0
CAND-P-101	OBJ-ICM-131-CURE-KINETICS	DSC_or_temperature_time_resin_composition_and_catalyst_features	degree_of_cure_curve_and_kinetic_parameters	OPEN_Q_L2	Kamal_Sourour_fit	curve_RMSE_parameter_MAE_and_final_conversion_error	params_le_52k_INT8_weights_le_64KiB	PACKMAT_RELIABILITY	PRIMARY_TARGET	PRE_REGISTERED_PLAN_ONLY	0
CAND-P-102	OBJ-ICM-132-GELPOINT-RHEOLOGY	viscosity_frequency_temperature_and_cure_history	gel_point_time_temperature_and_conversion	OPEN_Q_L2	fixed_viscosity_threshold	time_MAE_temperature_MAE_and_gel_event_F1	params_le_42k_INT8_weights_le_52KiB	PACKMAT_RELIABILITY	PRIMARY_TARGET	PRE_REGISTERED_PLAN_ONLY	0
CAND-P-103	OBJ-ICM-133-RESIDUAL-STRESS-TRAJECTORY	cure_temperature_modulus_CTE_geometry_and_time	residual_stress_trajectory_MPa	OPEN_Q_L2	linear_thermoelastic_model	trajectory_RMSE_MPa_peak_MAE_and_interval_coverage	params_le_56k_INT8_weights_le_68KiB	PACKMAT_RELIABILITY	PRIMARY_TARGET	PRE_REGISTERED_PLAN_ONLY	0
CAND-P-104	OBJ-ICM-134-FTIR-CURE-STATE	FTIR_spectrum_resin_family_temperature_and_reference_peaks	degree_of_cure_and_under_nominal_overcured_class	OPEN_Q_L2	single_peak_area_ratio	conversion_MAE_macro_F1_and_ECE	params_le_46k_INT8_weights_le_58KiB	PACKMAT_RELIABILITY	PRIMARY_TARGET	PRE_REGISTERED_PLAN_ONLY	0
CAND-P-105	OBJ-ICM-135-HYBRID-BOND-AFM-ROUGHNESS	AFM_height_map_scan_scale_and_plane_metadata	Ra_Rq_and_peak_density	OPEN_Q_L2	plane_detrend_plus_RMS	Ra_MAE_nm_Rq_MAE_nm_and_peak_density_MAPE	params_le_62k_INT8_weights_le_76KiB	PACKMAT_RELIABILITY	PRIMARY_TARGET	PRE_REGISTERED_PLAN_ONLY	0
CAND-P-106	OBJ-ICM-136-SOLDER-JOINT-QUALITY	optical_or_Xray_joint_ROI_geometry_and_process_metadata	solder_joint_quality_good_insufficient_bridge_crack_void	OPEN_Q_L2	handcrafted_geometry_thresholds	macro_F1_void_recall_and_ECE	params_le_72k_INT8_weights_le_88KiB	PACKMAT_RELIABILITY	PRIMARY_TARGET	PRE_REGISTERED_PLAN_ONLY	0
CAND-P-107	OBJ-ICM-137-XRAY-VOID-SEGMENTATION	Xray_joint_image_pixel_scale_and_void_masks	void_pixel_mask_and_area_percent	OPEN_Q_L2	intensity_threshold_morphology	mIoU_void_area_MAE_and_small_void_recall	params_le_84k_INT8_weights_le_100KiB	PACKMAT_RELIABILITY	PRIMARY_TARGET	PRE_REGISTERED_PLAN_ONLY	0
CAND-P-108	OBJ-ICM-138-DELAMINATION-RISK	material_stack_cure_moisture_thermal_cycle_and_interface_features	delamination_probability_and_location_class	OPEN_Q_L2	fixed_moisture_CTE_threshold_rule	AUROC_Brier_score_location_macro_F1_and_ECE	params_le_52k_INT8_weights_le_64KiB	PACKMAT_RELIABILITY	PRIMARY_TARGET	PRE_REGISTERED_PLAN_ONLY	0
CAND-P-109	OBJ-ICM-139-WARPAGE-TRAJECTORY	package_stack_geometry_CTE_modulus_temperature_and_time	warpage_curve_um_vs_temperature	OPEN_Q_L2	linear_CTE_mismatch_model	trajectory_RMSE_um_peak_MAE_and_sign_accuracy	params_le_58k_INT8_weights_le_72KiB	PACKMAT_RELIABILITY	PRIMARY_TARGET	PRE_REGISTERED_PLAN_ONLY	0
CAND-P-110	OBJ-ICM-140-THERMAL-INTERFACE-RESISTANCE	TIM_thickness_conductivity_pressure_void_fraction_and_temperature	thermal_interface_resistance_K_per_W	OPEN_Q_L2	thickness_over_bulk_conductivity	MAPE_MAE_K_per_W_and_interval_coverage	params_le_44k_INT8_weights_le_56KiB	PACKMAT_RELIABILITY	PRIMARY_TARGET	PRE_REGISTERED_PLAN_ONLY	0
CAND-P-111	OBJ-ICM-141-BOND-STRENGTH	surface_roughness_oxide_cleaning_pressure_temperature_and_material_pair	bond_strength_MPa	OPEN_Q_L2	linear_roughness_oxide_regression	MAE_MPa_weak_bond_AUPRC_and_ECE	params_le_50k_INT8_weights_le_64KiB	PACKMAT_RELIABILITY	PRIMARY_TARGET	PRE_REGISTERED_PLAN_ONLY	0
CAND-P-112	OBJ-ICM-142-PACKAGE-THERMAL-HOTSPOT	package_power_map_geometry_material_stack_and_boundary_conditions	package_temperature_field_and_hotspot_xy	OPEN_Q_L2	lumped_RC_network	field_RMSE_C_hotspot_FDE_px_and_peak_MAE_C	params_le_82k_INT8_weights_le_100KiB	PACKMAT_RELIABILITY	PRIMARY_TARGET	PRE_REGISTERED_PLAN_ONLY	0
CAND-P-113	OBJ-CAND-P-113-MODELLOAD-LATENCYNET	package_bytes_engine_id_SD_block_trace_fragmentation_cache_state_and_bus_contention	model_load_latency_ms_p95_and_timeout_probability	BOARD_MEASURED_1000_SWAP_TRACES_WITH_COLD_AND_WARM_CACHE_REQUIRED	package_size_divided_by_measured_SD_throughput_linear_model	latency_MAE_ms_p95_absolute_error_and_timeout_AUROC	MAX_48K_PARAMETERS_W8A8	MODEL_BANK_SCHEDULER_SHADOW	ICM-071	PRE_REGISTERED_PLAN_ONLY	0
CAND-P-114	OBJ-CAND-P-114-THERMOCOUPLE-RESPONSETIMENET	MAX31856_series_heater_command_edges_MLX_hotspot_series_SHT30_ambient	thermocouple_time_constant_ms_and_transport_lag_ms	TEAM_MEASURED_BOUNDED_HEAT_PULSE_TRACES_WITH_TIMESTAMP_ALIGNMENT	first_order_RC_least_squares_identification	time_constant_MAE_ms_and_lag_MAE_ms	MAX_32K_PARAMETERS_W8A8	SENSOR_HEALTH_EVIDENCECARD	ICM-053,ICM-054	PRE_REGISTERED_PLAN_ONLY	0
CAND-P-115	OBJ-CAND-P-115-MLX-NOISEPSDNET	MLX90640_stable_target_frame_cube_sensor_Ta_emissivity_and_bad_pixel_map	pixel_noise_PSD_band_vector_and_unstable_pixel_probability	TEAM_MEASURED_STABLE_TARGET_SESSIONS_WITH_CALIBRATION_METADATA	per_pixel_temporal_MAD_and_fixed_PSD_threshold	PSD_log_MAE_unstable_pixel_AUROC_and_false_alarm_rate	MAX_96K_PARAMETERS_W8A8	THERMAL_VISION_QUALITY_GATE	ICM-035,ICM-036	PRE_REGISTERED_PLAN_ONLY	0
CAND-P-116	OBJ-CAND-P-116-POWDER-LEVELPROFILENET	registered_OV5640_RGB_ROI_MLX90640_map_crucible_geometry_and_powder_mass	normalized_powder_surface_profile_32_bins_and_level_class	TEAM_MEASURED_WEIGHED_POWDER_RUNS_WITH_RULER_PROFILE_ANNOTATIONS	RGB_contour_height_plus_crucible_geometry	profile_MAE_normalized_and_level_macro_F1	MAX_128K_PARAMETERS_W8A8	PRE_FLIGHT_LOAD_CHECK	ICM-042,ICM-043	PRE_REGISTERED_PLAN_ONLY	0
CAND-P-117	OBJ-CAND-P-117-FURNACESHELL-DEFORMATIONNET	RGB_fiducial_edges_MLX_shell_temperature_map_and_ambient_temperature	shell_edge_displacement_px_and_deformation_risk_probability	TEAM_MEASURED_FIDUCIAL_SEQUENCES_WITH_COLD_REFERENCE_FRAME	homography_aligned_edge_displacement_threshold	displacement_MAE_px_risk_AUROC_and_false_alarm_rate	MAX_128K_PARAMETERS_W8A8	FURNACE_STRUCTURE_HEALTH	ICM-037,ICM-051	PRE_REGISTERED_PLAN_ONLY	0
CAND-P-118	OBJ-CAND-P-118-THINFILM-THICKNESSVMNET	deposition_recipe_sensor_trace_optical_features_and_material_family	thin_film_thickness_nm_with_prediction_interval	LICENSE_REVIEWED_OPEN_OR_TEAM_DATA_WITH_RUN_LEVEL_SPLIT_AND_REFERENCE_METROLOGY	PLS_regression_on_recipe_and_optical_features	thickness_MAE_nm_interval_coverage_and_width	MAX_96K_PARAMETERS_W8A8	FAB_VIRTUAL_METROLOGY	ICM-127	PRE_REGISTERED_PLAN_ONLY	0
CAND-P-119	OBJ-CAND-P-119-PLASMA-ENDPOINTNET	time_resolved_optical_emission_bands_RF_power_pressure_and_gas_flow	plasma_endpoint_offset_s_and_endpoint_probability	LICENSE_REVIEWED_OPEN_OES_RUNS_WITH_WAFER_LEVEL_SPLIT	fixed_line_ratio_derivative_threshold	endpoint_MAE_s_event_AUPRC_and_early_stop_rate	MAX_128K_PARAMETERS_W8A8	FAB_PROCESS_MONITOR_SHADOW	ICM-120,ICM-121	PRE_REGISTERED_PLAN_ONLY	0
CAND-P-120	OBJ-CAND-P-120-AFM-DEFECTSEGNET	AFM_height_and_phase_tiles_with_scan_resolution_metadata	AFM_defect_pixel_mask_and_defect_density	LICENSE_REVIEWED_OPEN_AFM_DATA_WITH_SPECIMEN_LEVEL_SPLIT	height_gradient_plus_connected_component_threshold	defect_mIoU_density_MAE_and_false_positive_area	MAX_192K_PARAMETERS_W8A8	FAB_SURFACE_METROLOGY	ICM-126,ICM-135	PRE_REGISTERED_PLAN_ONLY	0
CAND-P-121	OBJ-CAND-P-121-XCT-LAYERMISREGISTRATIONNET	aligned_XCT_slice_pair_layer_fiducials_and_voxel_spacing	layer_dx_um_dy_um_rotation_deg_and_misregistration_risk	LICENSE_REVIEWED_OPEN_OR_TEAM_XCT_WITH_PACKAGE_LEVEL_SPLIT	phase_correlation_plus_rigid_registration	translation_MAE_um_rotation_MAE_deg_and_risk_AUROC	MAX_192K_PARAMETERS_W8A8	PACKAGING_ALIGNMENT_QC	ICM-137,ICM-139	PRE_REGISTERED_PLAN_ONLY	0
CAND-P-122	OBJ-CAND-P-122-SOLDERFATIGUE-RULNET	thermal_cycle_profile_joint_geometry_resistance_history_and_alloy_family	solder_cycles_to_failure_remaining_and_survival_probability	LICENSE_REVIEWED_OPEN_FATIGUE_DATA_WITH_PACKAGE_FAMILY_SPLIT	Coffin_Manson_fit_with_linear_damage_accumulation	RUL_MAE_cycles_concordance_index_and_interval_coverage	MAX_96K_PARAMETERS_W8A8	PACKAGING_RELIABILITY_SHADOW	ICM-136	PRE_REGISTERED_PLAN_ONLY	0
CAND-P-123	OBJ-CAND-P-123-UNDERFILL-FLOWFRONTNET	dispense_time_series_RGB_or_Xray_frames_viscosity_temperature_and_geometry	underfill_front_mask_fill_fraction_and_time_to_complete_s	LICENSE_REVIEWED_OPEN_OR_TEAM_FLOW_RUNS_WITH_PACKAGE_LEVEL_SPLIT	optical_flow_front_tracking_and_constant_velocity_extrapolation	front_mIoU_fill_fraction_MAE_and_completion_time_MAE_s	MAX_192K_PARAMETERS_W8A8	PACKAGING_PROCESS_MONITOR	ICM-131,ICM-132	PRE_REGISTERED_PLAN_ONLY	0
CAND-P-124	OBJ-CAND-P-124-MOISTURE-DIFFUSIONNET	temperature_RH_time_material_stack_thickness_and_initial_moisture	moisture_concentration_profile_and_saturation_time_h	LICENSE_REVIEWED_EXPERIMENTAL_DIFFUSION_CURVES_WITH_MATERIAL_SPLIT	one_dimensional_Fick_fit	profile_NRMSE_saturation_time_MAPE_and_interval_coverage	MAX_64K_PARAMETERS_W8A8	PACKAGING_MOISTURE_RISK	ICM-138	PRE_REGISTERED_PLAN_ONLY	0
CAND-P-125	OBJ-CAND-P-125-CTE-MISMATCHRISKNET	material_CTE_Tg_modulus_layer_thickness_geometry_and_thermal_cycle	warpage_um_and_delamination_risk_probability	LICENSE_REVIEWED_EXPERIMENTAL_OR_FEA_DATA_WITH_STACK_LEVEL_SPLIT	laminated_beam_analytical_CTE_model	warpage_MAE_um_delamination_AUROC_and_calibration_ECE	MAX_96K_PARAMETERS_W8A8	PACKAGING_THERMOMECHANICAL_QC	ICM-133,ICM-139	PRE_REGISTERED_PLAN_ONLY	0
CAND-P-126	OBJ-CAND-P-126-FURNACE-DOOROPENEVENTNET	SHT30_temperature_RH_MLX_frame_statistics_MAX31856_derivative_and_power_trace	door_open_event_class_onset_ms_and_duration_ms	TEAM_MEASURED_SCRIPTED_DOOR_EVENTS_WITH_SESSION_LEVEL_SPLIT	temperature_derivative_and_RH_step_threshold	event_macro_F1_onset_MAE_ms_and_false_alarm_per_hour	MAX_32K_PARAMETERS_W8A8	FURNACE_EVENT_LEDGER	ICM-051	PRE_REGISTERED_PLAN_ONLY	0
CAND-P-127	OBJ-CAND-P-127-THERMAL-INERTIAIDNET	heater_command_INA226_power_MAX31856_MLX_mean_and_SHT30_ambient_sequence	thermal_gain_C_per_W_and_time_constant_s	TEAM_MEASURED_BOUNDED_PULSE_TRACES_WITH_RUN_LEVEL_SPLIT	first_order_plus_dead_time_least_squares	gain_MAPE_time_constant_MAPE_and_one_step_NRMSE	MAX_48K_PARAMETERS_W8A8	TWINGUARD_PLANT_IDENTIFICATION	ICM-038,ICM-039	PRE_REGISTERED_PLAN_ONLY	0
CAND-P-128	OBJ-CAND-P-128-INSULATION-AGINGNET	longitudinal_MLX_shell_leak_map_power_normalized_temperature_and_cycle_count	insulation_degradation_index_and_remaining_cycle_band	TEAM_MEASURED_AGING_OR_LICENSED_ACCELERATED_DATA_WITH_UNIT_SPLIT	normalized_heat_loss_trend_regression	degradation_MAE_band_macro_F1_and_monotonicity_violation_rate	MAX_64K_PARAMETERS_W8A8	ROOT_EGUARD_MAINTENANCE	ICM-037	PRE_REGISTERED_PLAN_ONLY	0
CAND-P-129	OBJ-CAND-P-129-CRUCIBLE-MASSLOSSNET	pre_mass_g_post_mass_g_recipe_thermal_dose_atmosphere_and_composition	crucible_and_charge_mass_loss_percent	TEAM_MEASURED_BATCH_LEDGER_WITH_SCALE_CALIBRATION_AND_BATCH_SPLIT	composition_conditioned_linear_regression	mass_loss_MAE_percent_and_interval_coverage	MAX_48K_PARAMETERS_W8A8	SINTERGRAPH_MASS_BALANCE	ICM-093,ICM-095	PRE_REGISTERED_PLAN_ONLY	0
CAND-P-130	OBJ-CAND-P-130-POWDER-BEDHEIGHTNET	powder_mass_bulk_density_crucible_geometry_and_calibrated_RGB_profile	powder_bed_height_mm_and_packing_fraction	TEAM_MEASURED_WEIGHED_LOADS_WITH_RULER_HEIGHT_REFERENCE	cylindrical_volume_geometry	height_MAE_mm_packing_fraction_MAE_and_outlier_rate	MAX_48K_PARAMETERS_W8A8	RECIPE_PREFLIGHT	ICM-079,ICM-080	PRE_REGISTERED_PLAN_ONLY	0
CAND-P-131	OBJ-CAND-P-131-FAN-COOLINGGAINNET	PE2_command_INA226_power_PH11_tach_ADXL345_and_temperature_decay_sequence	fan_cooling_gain_C_per_s_W_and_spinup_time_ms	TEAM_MEASURED_FAN_PULSES_WITH_RUN_LEVEL_SPLIT	temperature_decay_slope_divided_by_power	cooling_gain_MAPE_spinup_MAE_ms_and_repeatability_CV	MAX_48K_PARAMETERS_W8A8	DEVICE_HEALTH_FAN	ICM-065	PRE_REGISTERED_PLAN_ONLY	0
CAND-P-132	OBJ-CAND-P-132-PTC-RESISTANCEDRIFTNET	PD12_PH12_command_INA226_voltage_current_MAX31856_temperature_and_cycle_count	PTC_resistance_ohm_temperature_compensated_drift_percent	TEAM_MEASURED_PTC_PULSES_WITH_CURRENT_CALIBRATION_AND_CYCLE_SPLIT	Ohms_law_plus_fixed_temperature_coefficient	resistance_MAPE_drift_MAE_percent_and_change_point_delay	MAX_48K_PARAMETERS_W8A8	DEVICE_HEALTH_PTC	ICM-062	PRE_REGISTERED_PLAN_ONLY	0
CAND-P-133	OBJ-CAND-P-133-RELAY-SWITCHDELAYNET	PD12_command_edge_INA226_current_onset_voltage_trace_and_repetition_index	relay_make_delay_ms_break_delay_ms_and_bounce_count	TEAM_MEASURED_HIGH_RATE_EDGE_TRACES_WITH_RELAY_UNIT_SPLIT	fixed_current_threshold_edge_detector	make_break_MAE_ms_bounce_count_MAE_and_missed_event_rate	MAX_24K_PARAMETERS_W8A8	DEVICE_HEALTH_RELAY	ICM-063	PRE_REGISTERED_PLAN_ONLY	0
CAND-P-134	OBJ-CAND-P-134-MOSFET-LEAKAGETRENDNET	PH12_or_PE2_off_state_current_voltage_temperature_and_cycle_history	temperature_normalized_leakage_uA_and_leakage_trend_slope	TEAM_MEASURED_OFF_STATE_TRACES_WITH_INSTRUMENT_FLOOR_ANNOTATION	temperature_binned_robust_linear_trend	leakage_MAE_uA_trend_sign_accuracy_and_false_alarm_rate	MAX_32K_PARAMETERS_W8A8	DEVICE_HEALTH_MOSFET	ICM-064	PRE_REGISTERED_PLAN_ONLY	0
CAND-P-135	OBJ-CAND-P-135-SD-THROUGHPUTANOMALYNET	SD_block_latency_SPI_lock_wait_MAX31856_sample_age_cache_state_and_operation_type	SD_throughput_KiB_s_and_bus_anomaly_class	BOARD_MEASURED_STREAMING_TRACES_WITH_FAULT_INJECTION_AND_OPERATION_SPLIT	rolling_median_throughput_and_fixed_timeout_rules	throughput_MAPE_anomaly_macro_F1_and_p99_latency_error	MAX_48K_PARAMETERS_W8A8	MODEL_BANK_IO_GUARD	ICM-060,ICM-071	PRE_REGISTERED_PLAN_ONLY	0
CAND-P-136	OBJ-CAND-P-136-CLOCK-SYNCQUALITYNET	DS3231_timestamp_MCU_tick_log_sequence_reset_cause_and_temperature	clock_offset_ms_drift_ppm_jitter_ms_and_sync_quality_class	TEAM_MEASURED_24H_CLOCK_TRACES_WITH_POWER_CYCLE_AND_REFERENCE_CLOCK	linear_offset_drift_fit	offset_MAE_ms_drift_MAE_ppm_and_quality_macro_F1	MAX_24K_PARAMETERS_W8A8	CHRONOSPEC_TIME_QUALITY	ICM-071	PRE_REGISTERED_PLAN_ONLY	0
CAND-P-137	OBJ-CAND-P-137-SENSOR-CROSSCALIBRATIONNET	MAX31856_MLX90640_SHT30_temperature_triplets_spatial_ROI_and_reference_state	per_sensor_bias_C_scale_and_cross_sensor_consistency_score	TEAM_MEASURED_MULTI_POINT_CALIBRATION_WITH_HELDOUT_TEMPERATURE_LEVELS	two_point_affine_calibration	bias_MAE_C_scale_error_and_consistency_AUROC	MAX_48K_PARAMETERS_W8A8	EVIDENCECARD_SENSOR_CALIBRATION	ICM-054,ICM-055,ICM-056,ICM-059	PRE_REGISTERED_PLAN_ONLY	0
CAND-P-138	OBJ-CAND-P-138-PHOSPHOR-HOSTSTABILITYRANKNET	host_composition_crystal_descriptors_formation_energy_and_competing_phase_features	phosphor_host_stability_rank_and_top_k_candidate_set	LICENSE_REVIEWED_OPEN_COMPUTED_DATA_WITH_CHEMICAL_SYSTEM_SPLIT	formation_energy_sort_with_rule_based_phase_filter	NDCG_at_10_top5_recall_and_pairwise_accuracy	MAX_128K_PARAMETERS_W8A8	MATERIAL_SCREENING_RAG	ICM-074,ICM-075	PRE_REGISTERED_PLAN_ONLY	0
CAND-P-139	OBJ-CAND-P-139-DOPANT-SOLUBILITYRANKNET	host_dopant_ionic_radius_valence_site_descriptors_and_synthesis_conditions	dopant_solubility_rank_and_compatible_site_probability	LICENSE_REVIEWED_OPEN_EXPERIMENTAL_DATA_WITH_HOST_FAMILY_SPLIT	radius_mismatch_and_charge_balance_score	NDCG_at_10_site_AUROC_and_pairwise_accuracy	MAX_128K_PARAMETERS_W8A8	PHOSPHOR_RECIPE_SCREENING	ICM-083,ICM-085,ICM-086	PRE_REGISTERED_PLAN_ONLY	0
CAND-P-140	OBJ-CAND-P-140-PIEZOELECTRIC-COEFFICIENTNET	crystal_structure_composition_symmetry_and_elastic_dielectric_descriptors	piezoelectric_d33_pC_per_N_and_uncertainty	LICENSE_REVIEWED_OPEN_COMPUTED_DATA_WITH_STRUCTURE_PROTOTYPE_SPLIT	composition_descriptor_gradient_boosting	d33_MAE_Spearman_rho_and_interval_coverage	MAX_128K_PARAMETERS_W8A8	SEMIMAT_BENCHMARK_ONLY	ICM-102,ICM-106,ICM-107	PRE_REGISTERED_PLAN_ONLY	0
CAND-P-141	OBJ-CAND-P-141-SEEBECK-COEFFICIENTNET	composition_structure_temperature_carrier_features_and_band_descriptors	Seebeck_coefficient_uV_per_K_and_sign	LICENSE_REVIEWED_OPEN_EXPERIMENTAL_DATA_WITH_COMPOUND_FAMILY_SPLIT	descriptor_ridge_regression	Seebeck_MAE_uV_per_K_sign_accuracy_and_Spearman_rho	MAX_128K_PARAMETERS_W8A8	SEMIMAT_BENCHMARK_ONLY	ICM-104,ICM-105,ICM-116	PRE_REGISTERED_PLAN_ONLY	0
CAND-P-142	OBJ-CAND-P-142-SOLAR-SLME-RANKNET	bandgap_absorption_spectrum_thickness_and_direct_indirect_gap_features	spectroscopic_limited_maximum_efficiency_rank_and_percent	LICENSE_REVIEWED_OPEN_COMPUTED_DATA_WITH_CHEMICAL_SYSTEM_SPLIT	Shockley_Queisser_bandgap_baseline	SLME_MAE_percent_NDCG_at_10_and_top5_recall	MAX_128K_PARAMETERS_W8A8	SEMIMAT_BENCHMARK_ONLY	ICM-097,ICM-103	PRE_REGISTERED_PLAN_ONLY	0
CAND-P-143	OBJ-CAND-P-143-IR-MODEINTENSITYNET	composition_structure_phonon_mode_frequency_eigenvector_and_born_charge_features	infrared_mode_intensity_and_active_inactive_class	LICENSE_REVIEWED_OPEN_DFT_DATA_WITH_MATERIAL_FAMILY_SPLIT	frequency_binned_mean_intensity	log_intensity_MAE_active_macro_F1_and_Spearman_rho	MAX_128K_PARAMETERS_W8A8	SEMIMAT_BENCHMARK_ONLY	ICM-103,ICM-116	PRE_REGISTERED_PLAN_ONLY	0
CAND-P-144	OBJ-CAND-P-144-THERMOELECTRIC-POWERFACTORNET	Seebeck_conductivity_temperature_carrier_and_structure_descriptors	thermoelectric_power_factor_uW_per_cmK2_and_rank	LICENSE_REVIEWED_OPEN_EXPERIMENTAL_DATA_WITH_COMPOUND_FAMILY_SPLIT	Seebeck_squared_times_conductivity_formula_with_measured_inputs	power_factor_MAPE_NDCG_at_10_and_top5_recall	MAX_128K_PARAMETERS_W8A8	SEMIMAT_BENCHMARK_ONLY	ICM-104,ICM-105,ICM-116	PRE_REGISTERED_PLAN_ONLY	0
CAND-P-145	OBJ-CAND-P-145-SOC-SPILLAGETOPOLOGICALNET	band_structure_SOC_without_SOC_occupancy_and_symmetry_descriptors	spin_orbit_spillage_score_and_topological_candidate_class	LICENSE_REVIEWED_OPEN_COMPUTED_DATA_WITH_STRUCTURE_PROTOTYPE_SPLIT	band_inversion_rule_features	spillage_MAE_candidate_AUROC_and_top20_precision	MAX_128K_PARAMETERS_W8A8	SEMIMAT_BENCHMARK_ONLY	ICM-098	PRE_REGISTERED_PLAN_ONLY	0
CAND-P-146	OBJ-CAND-P-146-THINFILM-RESISTIVITYVMNET	deposition_recipe_chamber_trace_thickness_temperature_and_material_family	thin_film_resistivity_uohm_cm_with_prediction_interval	LICENSE_REVIEWED_OPEN_OR_TEAM_DATA_WITH_RUN_LEVEL_SPLIT_AND_FOUR_POINT_PROBE_REFERENCE	thickness_temperature_conditioned_ridge_regression	resistivity_MAPE_interval_coverage_and_width	MAX_96K_PARAMETERS_W8A8	FAB_VIRTUAL_METROLOGY	ICM-098	PRE_REGISTERED_PLAN_ONLY	0
CAND-P-147	OBJ-CAND-P-147-UNDERFILL-VOIDRISKNET	dispense_profile_viscosity_preheat_geometry_flow_front_features_and_Xray_summary	underfill_void_fraction_percent_and_void_risk_probability	LICENSE_REVIEWED_OPEN_OR_TEAM_DATA_WITH_PACKAGE_LEVEL_SPLIT	fill_fraction_and_viscosity_logistic_baseline	void_fraction_MAE_risk_AUROC_and_calibration_ECE	MAX_96K_PARAMETERS_W8A8	PACKAGING_PROCESS_QC	ICM-137,ICM-138	PRE_REGISTERED_PLAN_ONLY	0
CAND-P-148	OBJ-CAND-P-148-THERMALCYCLE-FATIGUENET	temperature_cycle_dwell_ramp_CTE_modulus_geometry_and_damage_history	package_fatigue_damage_fraction_and_cycles_to_failure	LICENSE_REVIEWED_EXPERIMENTAL_OR_FEA_DATA_WITH_PACKAGE_FAMILY_SPLIT	Miner_rule_plus_Coffin_Manson_baseline	damage_MAE_RUL_MAPE_and_concordance_index	MAX_96K_PARAMETERS_W8A8	PACKAGING_RELIABILITY_SHADOW	ICM-133,ICM-138,ICM-139	PRE_REGISTERED_PLAN_ONLY	0
CAND-G-001	OBJ-ICM-143-PHOSCORE-GROUNDED-QA	phosphor_RAG_evidence_composition_process_property_cards_and_question	cited_phosphor_process_structure_property_answer_with_uncertainty	LICENSED_CORPUS_REQUIRED	retrieval_only_top_passage_extract	grounded_claim_F1_citation_precision_numeric_consistency_and_refusal_F1	MAX_1P8M_PARAMETERS_W8_INDEPENDENT_FULL_WEIGHTS	DOMAIN_QA	PRIMARY_TARGET	PRE_REGISTERED_PLAN_ONLY	0
CAND-G-002	OBJ-ICM-144-FURNACE-EVIDENCE-QA	live_sensor_EvidenceCards_log_events_recipe_state_and_question	cited_furnace_evidence_summary_without_control_command	LICENSED_CORPUS_REQUIRED	E5_operator_brief_LM	critical_evidence_recall_unsupported_claim_rate_numeric_consistency_and_refusal_F1	MAX_1P8M_PARAMETERS_W8_INDEPENDENT_FULL_WEIGHTS	DOMAIN_QA	PRIMARY_TARGET	PRE_REGISTERED_PLAN_ONLY	0
CAND-G-003	OBJ-ICM-145-SEMIMAT-GROUNDED-QA	semiconductor_material_RAG_property_cards_source_state_and_question	cited_material_screening_answer_separating_experimental_and_computed_claims	LICENSED_CORPUS_REQUIRED	generic_flagship_nanoLM_without_domain_SFT	source_state_accuracy_grounded_claim_F1_citation_precision_and_refusal_F1	MAX_1P8M_PARAMETERS_W8_INDEPENDENT_FULL_WEIGHTS	DOMAIN_QA	PRIMARY_TARGET	PRE_REGISTERED_PLAN_ONLY	0
CAND-G-004	OBJ-ICM-146-METROLOGY-GROUNDED-QA	metrology_RAG_measurement_context_quality_flags_and_question	cited_measurement_interpretation_with_units_and_limits	LICENSED_CORPUS_REQUIRED	keyword_retrieval_plus_template	claim_entailment_F1_unit_accuracy_citation_precision_and_refusal_F1	MAX_1P6M_PARAMETERS_W8_INDEPENDENT_FULL_WEIGHTS	DOMAIN_QA	PRIMARY_TARGET	PRE_REGISTERED_PLAN_ONLY	0
CAND-G-005	OBJ-ICM-147-PACKMAT-GROUNDED-QA	packaging_material_RAG_stack_reliability_evidence_and_question	cited_packaging_material_reliability_answer	LICENSED_CORPUS_REQUIRED	generic_flagship_nanoLM_without_packaging_SFT	grounded_claim_F1_constraint_accuracy_citation_precision_and_refusal_F1	MAX_1P6M_PARAMETERS_W8_INDEPENDENT_FULL_WEIGHTS	DOMAIN_QA	PRIMARY_TARGET	PRE_REGISTERED_PLAN_ONLY	0
CAND-G-006	OBJ-ICM-148-FABQUALITY-GROUNDED-QA	fab_quality_RAG_virtual_metrology_yield_evidence_and_question	cited_fab_quality_answer_with_dataset_scope	LICENSED_CORPUS_REQUIRED	E4_batch_QC_LM	scope_accuracy_grounded_claim_F1_citation_precision_and_refusal_F1	MAX_1P6M_PARAMETERS_W8_INDEPENDENT_FULL_WEIGHTS	DOMAIN_QA	PRIMARY_TARGET	PRE_REGISTERED_PLAN_ONLY	0
CAND-G-007	OBJ-ICM-149-PHASE-EVOLUTION-EXPERT	phase_evolution_RAG_recipe_XRD_evidence_and_query	cited_phase_sequence_mechanism_answer	LICENSED_CORPUS_REQUIRED	E6_formula_chemistry_LM	phase_order_accuracy_grounded_claim_F1_and_citation_precision	MAX_1P2M_PARAMETERS_W8_INDEPENDENT_FULL_WEIGHTS	DOMAIN_EXPERT_QA	PRIMARY_TARGET	PRE_REGISTERED_PLAN_ONLY	0
CAND-G-008	OBJ-ICM-150-DOPANT-SITE-EXPERT	dopant_site_RAG_host_coordination_and_site_rank_evidence	cited_dopant_site_occupancy_explanation	LICENSED_CORPUS_REQUIRED	ionic_radius_rule_template	site_claim_accuracy_grounded_claim_F1_and_refusal_F1	MAX_1P2M_PARAMETERS_W8_INDEPENDENT_FULL_WEIGHTS	DOMAIN_EXPERT_QA	PRIMARY_TARGET	PRE_REGISTERED_PLAN_ONLY	0
CAND-G-009	OBJ-ICM-151-ATMOSPHERE-DEFECT-EXPERT	atmosphere_defect_RAG_gas_valence_vacancy_EvidenceCards	cited_atmosphere_to_defect_mechanism_answer	LICENSED_CORPUS_REQUIRED	fixed_oxidizing_reducing_rule_template	causal_edge_accuracy_grounded_claim_F1_and_citation_precision	MAX_1P2M_PARAMETERS_W8_INDEPENDENT_FULL_WEIGHTS	DOMAIN_EXPERT_QA	PRIMARY_TARGET	PRE_REGISTERED_PLAN_ONLY	0
CAND-G-010	OBJ-ICM-152-NIR-ENERGY-TRANSFER-EXPERT	NIR_energy_transfer_RAG_host_dopant_spectra_and_decay_evidence	cited_energy_transfer_pathway_answer	LICENSED_CORPUS_REQUIRED	spectral_overlap_template	pathway_accuracy_grounded_claim_F1_and_citation_precision	MAX_1P2M_PARAMETERS_W8_INDEPENDENT_FULL_WEIGHTS	DOMAIN_EXPERT_QA	PRIMARY_TARGET	PRE_REGISTERED_PLAN_ONLY	0
CAND-G-011	OBJ-ICM-153-THERMAL-QUENCH-EXPERT	thermal_quench_RAG_temperature_PL_curves_and_kinetic_EvidenceCards	cited_quenching_mechanism_and_kinetic_interpretation	LICENSED_CORPUS_REQUIRED	AI7_band_label_plus_static_template	mechanism_accuracy_parameter_consistency_grounded_claim_F1_and_refusal_F1	MAX_1P2M_PARAMETERS_W8_INDEPENDENT_FULL_WEIGHTS	DOMAIN_EXPERT_QA	PRIMARY_TARGET	PRE_REGISTERED_PLAN_ONLY	0
CAND-G-012	OBJ-ICM-154-SINTERING-KINETICS-EXPERT	sintering_RAG_density_shrinkage_grain_and_schedule_evidence	cited_sintering_stage_and_rate_limitation_answer	LICENSED_CORPUS_REQUIRED	master_sintering_curve_template	stage_accuracy_numeric_consistency_grounded_claim_F1_and_citation_precision	MAX_1P2M_PARAMETERS_W8_INDEPENDENT_FULL_WEIGHTS	DOMAIN_EXPERT_QA	PRIMARY_TARGET	PRE_REGISTERED_PLAN_ONLY	0
CAND-G-013	OBJ-ICM-155-PRECURSOR-IMPURITY-EXPERT	precursor_impurity_RAG_purity_supplier_and_batch_evidence	cited_impurity_effect_and_mitigation_hypothesis	LICENSED_CORPUS_REQUIRED	purity_threshold_lookup	impurity_effect_accuracy_grounded_claim_F1_and_refusal_F1	MAX_1P2M_PARAMETERS_W8_INDEPENDENT_FULL_WEIGHTS	DOMAIN_EXPERT_QA	PRIMARY_TARGET	PRE_REGISTERED_PLAN_ONLY	0
CAND-G-014	OBJ-ICM-156-HOST-TRANSFER-EXPERT	source_host_target_host_RAG_site_and_property_evidence	cited_transferability_limits_and_expected_shift	LICENSED_CORPUS_REQUIRED	nearest_host_template	transfer_constraint_accuracy_grounded_claim_F1_and_uncertainty_calibration	MAX_1P2M_PARAMETERS_W8_INDEPENDENT_FULL_WEIGHTS	DOMAIN_EXPERT_QA	PRIMARY_TARGET	PRE_REGISTERED_PLAN_ONLY	0
CAND-G-015	OBJ-ICM-157-XRD-EVIDENCE-EXPERT	XRD_peaks_phase_cards_instrument_metadata_and_RAG	cited_phase_evidence_interpretation_with_ambiguity	LICENSED_CORPUS_REQUIRED	top_peak_lookup_template	phase_claim_entailment_peak_numeric_accuracy_and_refusal_F1	MAX_1P2M_PARAMETERS_W8_INDEPENDENT_FULL_WEIGHTS	DOMAIN_EXPERT_QA	PRIMARY_TARGET	PRE_REGISTERED_PLAN_ONLY	0
CAND-G-016	OBJ-ICM-158-PL-EVIDENCE-EXPERT	PL_spectrum_peak_FWHM_decay_measurement_metadata_and_RAG	cited_PL_evidence_interpretation_with_normalization_limits	LICENSED_CORPUS_REQUIRED	AI6_AI16_scalar_outputs_plus_template	spectral_claim_entailment_numeric_accuracy_and_refusal_F1	MAX_1P2M_PARAMETERS_W8_INDEPENDENT_FULL_WEIGHTS	DOMAIN_EXPERT_QA	PRIMARY_TARGET	PRE_REGISTERED_PLAN_ONLY	0
CAND-G-017	OBJ-ICM-159-SEMEDS-MICROSTRUCTURE-EXPERT	SEM_EDS_morphology_composition_maps_scale_and_RAG	cited_microstructure_composition_interpretation	LICENSED_CORPUS_REQUIRED	keyword_caption_extract	morphology_claim_F1_element_consistency_citation_precision_and_refusal_F1	MAX_1P2M_PARAMETERS_W8_INDEPENDENT_FULL_WEIGHTS	DOMAIN_EXPERT_QA	PRIMARY_TARGET	PRE_REGISTERED_PLAN_ONLY	0
CAND-G-018	OBJ-ICM-160-MULTIMODAL-CONFLICT-EXPERT	XRD_PL_SEM_EDS_thermal_EvidenceCards_with_provenance	cited_conflict_explanation_and_unresolved_claim_list	LICENSED_CORPUS_REQUIRED	fixed_source_priority_order	conflict_recall_grounded_claim_F1_and_false_resolution_rate	MAX_1P2M_PARAMETERS_W8_INDEPENDENT_FULL_WEIGHTS	DOMAIN_EXPERT_QA	PRIMARY_TARGET	PRE_REGISTERED_PLAN_ONLY	0
CAND-G-019	OBJ-ICM-161-DEFECT-DOPING-EXPERT	defect_doping_RAG_charge_state_formation_energy_and_property_evidence	cited_defect_doping_mechanism_answer	LICENSED_CORPUS_REQUIRED	charge_neutrality_template	charge_balance_accuracy_grounded_claim_F1_and_citation_precision	MAX_1P2M_PARAMETERS_W8_INDEPENDENT_FULL_WEIGHTS	DOMAIN_EXPERT_QA	PRIMARY_TARGET	PRE_REGISTERED_PLAN_ONLY	0
CAND-G-020	OBJ-ICM-162-THINFILM-INTERFACE-EXPERT	thin_film_interface_RAG_adhesion_stress_and_process_evidence	cited_interface_failure_or_stability_explanation	LICENSED_CORPUS_REQUIRED	surface_energy_template	interface_claim_accuracy_grounded_claim_F1_and_refusal_F1	MAX_1P2M_PARAMETERS_W8_INDEPENDENT_FULL_WEIGHTS	DOMAIN_EXPERT_QA	PRIMARY_TARGET	PRE_REGISTERED_PLAN_ONLY	0
CAND-G-021	OBJ-ICM-163-DIELECTRIC-THERMAL-EXPERT	dielectric_RAG_permittivity_loss_temperature_and_reliability_evidence	cited_dielectric_thermal_tradeoff_answer	LICENSED_CORPUS_REQUIRED	inverse_bandgap_template	tradeoff_claim_accuracy_numeric_consistency_and_grounded_claim_F1	MAX_1P2M_PARAMETERS_W8_INDEPENDENT_FULL_WEIGHTS	DOMAIN_EXPERT_QA	PRIMARY_TARGET	PRE_REGISTERED_PLAN_ONLY	0
CAND-G-022	OBJ-ICM-164-OPTOELECTRONIC-INTEGRATION-EXPERT	phosphor_semiconductor_package_RAG_and_interface_constraints	cited_optoelectronic_integration_compatibility_answer	LICENSED_CORPUS_REQUIRED	independent_domain_answers_without_cross_domain_model	cross_domain_constraint_recall_grounded_claim_F1_and_refusal_F1	MAX_1P2M_PARAMETERS_W8_INDEPENDENT_FULL_WEIGHTS	DOMAIN_EXPERT_QA	PRIMARY_TARGET	PRE_REGISTERED_PLAN_ONLY	0
CAND-G-023	OBJ-ICM-165-CURE-RHEOLOGY-EXPERT	cure_rheology_RAG_DSC_FTIR_viscosity_and_process_evidence	cited_cure_window_and_rheology_interpretation	LICENSED_CORPUS_REQUIRED	Kamal_and_viscosity_threshold_template	window_constraint_accuracy_grounded_claim_F1_and_citation_precision	MAX_1P2M_PARAMETERS_W8_INDEPENDENT_FULL_WEIGHTS	DOMAIN_EXPERT_QA	PRIMARY_TARGET	PRE_REGISTERED_PLAN_ONLY	0
CAND-G-024	OBJ-ICM-166-INTERCONNECT-METALLURGY-EXPERT	interconnect_metallurgy_RAG_phase_diffusion_joint_and_cycle_evidence	cited_interconnect_failure_mechanism_answer	LICENSED_CORPUS_REQUIRED	alloy_lookup_template	mechanism_accuracy_grounded_claim_F1_and_refusal_F1	MAX_1P2M_PARAMETERS_W8_INDEPENDENT_FULL_WEIGHTS	DOMAIN_EXPERT_QA	PRIMARY_TARGET	PRE_REGISTERED_PLAN_ONLY	0
CAND-G-025	OBJ-ICM-167-WARPAGE-RELIABILITY-EXPERT	package_stack_warpage_stress_delamination_and_RAG	cited_warpage_to_reliability_chain_answer	LICENSED_CORPUS_REQUIRED	linear_CTE_mismatch_template	causal_chain_accuracy_numeric_consistency_and_grounded_claim_F1	MAX_1P2M_PARAMETERS_W8_INDEPENDENT_FULL_WEIGHTS	DOMAIN_EXPERT_QA	PRIMARY_TARGET	PRE_REGISTERED_PLAN_ONLY	0
CAND-G-026	OBJ-ICM-168-VIRTUAL-METROLOGY-YIELD-EXPERT	fab_sensor_virtual_metrology_yield_RAG_and_model_EvidenceCards	cited_virtual_metrology_and_yield_interpretation	LICENSED_CORPUS_REQUIRED	E4_batch_QC_LM	scope_accuracy_model_evidence_coverage_grounded_claim_F1_and_refusal_F1	MAX_1P2M_PARAMETERS_W8_INDEPENDENT_FULL_WEIGHTS	DOMAIN_EXPERT_QA	PRIMARY_TARGET	PRE_REGISTERED_PLAN_ONLY	0
CAND-G-027	OBJ-ICM-169-HYPOTHESIS-COMPOSER	selected_evidence_graph_unresolved_claims_and_domain_expert_outputs	ranked_testable_hypotheses_with_assumptions_and_falsifiers	LICENSED_CORPUS_REQUIRED	single_root_cause_template	hypothesis_coverage_testability_score_grounded_claim_F1_and_unsupported_rate	MAX_0P8M_PARAMETERS_W8_INDEPENDENT_FULL_WEIGHTS	OFFLINE_DEEP_ANALYSIS	PRIMARY_TARGET	PRE_REGISTERED_PLAN_ONLY	0
CAND-G-028	OBJ-ICM-170-COUNTER-HYPOTHESIS	primary_hypothesis_evidence_graph_and_known_conflicts	strongest_grounded_counter_hypothesis_and_discriminating_evidence	LICENSED_CORPUS_REQUIRED	negate_primary_hypothesis_template	counterevidence_recall_grounded_claim_F1_and_novelty_without_contradiction	MAX_0P8M_PARAMETERS_W8_INDEPENDENT_FULL_WEIGHTS	OFFLINE_DEEP_ANALYSIS	PRIMARY_TARGET	PRE_REGISTERED_PLAN_ONLY	0
CAND-G-029	OBJ-ICM-171-NEXT-EVIDENCE-PLANNER	hypothesis_set_missing_edges_sensor_availability_and_test_costs	ranked_next_measurements_with_expected_information_gain	LICENSED_CORPUS_REQUIRED	fixed_missing_field_order	top_k_expert_agreement_expected_gain_regret_and_safety_constraint_accuracy	MAX_0P8M_PARAMETERS_W8_INDEPENDENT_FULL_WEIGHTS	OFFLINE_DEEP_ANALYSIS	PRIMARY_TARGET	PRE_REGISTERED_PLAN_ONLY	0
CAND-G-030	OBJ-ICM-172-GROUNDED-SYNTHESIS	hypotheses_counterhypothesis_retrieved_evidence_and_provenance_risks	final_cited_synthesis_with_resolved_unresolved_and_refused_claims	LICENSED_CORPUS_REQUIRED	concatenate_expert_summaries	grounded_claim_F1_contradiction_rate_citation_precision_numeric_consistency_and_refusal_F1	MAX_0P8M_PARAMETERS_W8_INDEPENDENT_FULL_WEIGHTS	OFFLINE_DEEP_ANALYSIS	PRIMARY_TARGET	PRE_REGISTERED_PLAN_ONLY	0
CAND-G-031	OBJ-CAND-G-031-SAFETYEVIDENCE-LM	safety_query_EvidenceCard_sensor_health_deterministic_interlock_state_and_cited_safety_chunks	grounded_safety_explanation_with_citations_abstention_and_no_actuation	LICENSED_SAFETY_CORPUS_PLUS_EXPERT_REVIEW_API_OUTPUT_NEVER_GROUND_TRUTH	FurnaceEvidence_LM_zero_shot_with_deterministic_safety_template	claim_entailment_rate_citation_precision_unsafe_advice_rate_and_refusal_F1	MAX_1P2M_PARAMETERS_W8_INDEPENDENT_FULL_WEIGHTS	ICMAT_COUNCIL_SAFETY_REVIEW	ICM-144	PRE_REGISTERED_PLAN_ONLY	0
CAND-G-032	OBJ-CAND-G-032-SENSORCALIBRATION-LM	calibration_query_sensor_specs_calibration_records_EvidenceCard_and_cited_metrology_chunks	grounded_sensor_calibration_interpretation_with_uncertainty_and_next_check	LICENSED_METROLOGY_CORPUS_PLUS_EXPERT_REVIEW_API_OUTPUT_NEVER_GROUND_TRUTH	FurnaceEvidence_LM_zero_shot	claim_entailment_rate_numeric_accuracy_citation_precision_and_abstention_F1	MAX_1P2M_PARAMETERS_W8_INDEPENDENT_FULL_WEIGHTS	ICMAT_COUNCIL_CALIBRATION_REVIEW	ICM-144	PRE_REGISTERED_PLAN_ONLY	0
CAND-G-033	OBJ-CAND-G-033-THERMALFIELD-LM	thermal_query_MLX_field_features_MAX31856_trace_emissivity_metadata_and_cited_heat_transfer_chunks	grounded_thermal_field_diagnosis_with_hotspot_evidence_and_limitations	LICENSED_HEAT_TRANSFER_CORPUS_PLUS_EXPERT_REVIEW_API_OUTPUT_NEVER_GROUND_TRUTH	FurnaceEvidence_LM_zero_shot	claim_entailment_rate_hotspot_localization_accuracy_citation_precision_and_refusal_F1	MAX_1P2M_PARAMETERS_W8_INDEPENDENT_FULL_WEIGHTS	ICMAT_COUNCIL_THERMAL_REVIEW	ICM-144	PRE_REGISTERED_PLAN_ONLY	0
CAND-G-034	OBJ-CAND-G-034-DEVICEHEALTH-LM	device_query_INA226_tach_vibration_switch_trace_health_models_and_maintenance_chunks	grounded_device_health_summary_with_failure_hypothesis_and_bounded_inspection_steps	LICENSED_MAINTENANCE_CORPUS_PLUS_EXPERT_REVIEW_API_OUTPUT_NEVER_GROUND_TRUTH	FurnaceEvidence_LM_zero_shot	claim_entailment_rate_failure_mode_macro_F1_citation_precision_and_unsafe_action_rate	MAX_1P2M_PARAMETERS_W8_INDEPENDENT_FULL_WEIGHTS	ICMAT_COUNCIL_DEVICE_REVIEW	ICM-144	PRE_REGISTERED_PLAN_ONLY	0
CAND-G-035	OBJ-CAND-G-035-PROCESSWINDOW-LM	composition_recipe_constraints_SinterGraph_predictions_uncertainty_and_cited_kinetics_chunks	grounded_process_window_proposal_with_bounds_assumptions_and_abstention	LICENSED_SINTERING_CORPUS_PLUS_EXPERT_REVIEW_API_OUTPUT_NEVER_GROUND_TRUTH	SinteringKinetics_LM_zero_shot	constraint_satisfaction_rate_claim_entailment_citation_precision_and_interval_validity	MAX_1P2M_PARAMETERS_W8_INDEPENDENT_FULL_WEIGHTS	ICMAT_COUNCIL_PROCESS_PLANNING	ICM-154	PRE_REGISTERED_PLAN_ONLY	0
CAND-G-036	OBJ-CAND-G-036-MATERIALSSCREENING-LM	property_target_candidate_descriptors_predictive_rankings_and_cited_materials_chunks	grounded_material_candidate_shortlist_with_tradeoffs_and_evidence	LICENSED_MATERIALS_CORPUS_PLUS_EXPERT_REVIEW_API_OUTPUT_NEVER_GROUND_TRUTH	SemiMatCore_LM_zero_shot	top_k_candidate_recall_claim_entailment_citation_precision_and_hallucination_rate	MAX_1P8M_PARAMETERS_W8_INDEPENDENT_FULL_WEIGHTS	ICMAT_COUNCIL_MATERIAL_SCREENING	ICM-145	PRE_REGISTERED_PLAN_ONLY	0
CAND-G-037	OBJ-CAND-G-037-DEFECTCHEMISTRY-LM	defect_query_host_dopant_charge_balance_defect_models_and_cited_defect_chemistry_chunks	grounded_defect_chemistry_hypotheses_with_charge_balance_and_counterevidence	LICENSED_DEFECT_CHEMISTRY_CORPUS_PLUS_EXPERT_REVIEW_API_OUTPUT_NEVER_GROUND_TRUTH	DefectDoping_LM_zero_shot	charge_balance_validity_claim_entailment_citation_precision_and_counterevidence_recall	MAX_1P2M_PARAMETERS_W8_INDEPENDENT_FULL_WEIGHTS	ICMAT_COUNCIL_DEFECT_REVIEW	ICM-161	PRE_REGISTERED_PLAN_ONLY	0
CAND-G-038	OBJ-CAND-G-038-SPECTROSCOPYCONDITION-LM	PL_or_XRD_query_instrument_conditions_spectrum_quality_models_and_cited_method_chunks	grounded_measurement_condition_check_with_artifact_risks_and_repeat_plan	LICENSED_SPECTROSCOPY_METHOD_CORPUS_PLUS_EXPERT_REVIEW_API_OUTPUT_NEVER_GROUND_TRUTH	PLEvidence_LM_zero_shot	condition_error_recall_claim_entailment_citation_precision_and_repeat_plan_accuracy	MAX_1P2M_PARAMETERS_W8_INDEPENDENT_FULL_WEIGHTS	ICMAT_COUNCIL_MEASUREMENT_QC	ICM-158	PRE_REGISTERED_PLAN_ONLY	0
CAND-G-039	OBJ-CAND-G-039-SEMDEFECT-LM	SEM_EDS_query_microstructure_features_defect_labels_composition_map_and_cited_microscopy_chunks	grounded_SEM_defect_interpretation_with_morphology_composition_and_uncertainty	LICENSED_MICROSCOPY_CORPUS_PLUS_EXPERT_REVIEW_API_OUTPUT_NEVER_GROUND_TRUTH	SEMEDS_Microstructure_LM_zero_shot	defect_macro_F1_claim_entailment_citation_precision_and_uncertainty_calibration	MAX_1P2M_PARAMETERS_W8_INDEPENDENT_FULL_WEIGHTS	ICMAT_COUNCIL_SEM_REVIEW	ICM-159	PRE_REGISTERED_PLAN_ONLY	0
CAND-G-040	OBJ-CAND-G-040-PACKAGINGMOISTURE-LM	package_query_RH_history_diffusion_prediction_material_stack_and_cited_reliability_chunks	grounded_packaging_moisture_risk_explanation_with_bake_or_storage_options	LICENSED_PACKAGING_RELIABILITY_CORPUS_PLUS_EXPERT_REVIEW_API_OUTPUT_NEVER_GROUND_TRUTH	PackMatCore_LM_zero_shot	risk_macro_F1_claim_entailment_citation_precision_and_unsafe_recommendation_rate	MAX_1P2M_PARAMETERS_W8_INDEPENDENT_FULL_WEIGHTS	ICMAT_COUNCIL_PACKAGING_REVIEW	ICM-147	PRE_REGISTERED_PLAN_ONLY	0
CAND-G-041	OBJ-CAND-G-041-PACKAGINGTHERMAL-LM	package_query_CTE_warpage_thermal_cycle_predictions_stack_metadata_and_cited_reliability_chunks	grounded_packaging_thermal_mechanical_interpretation_with_tradeoffs	LICENSED_PACKAGING_RELIABILITY_CORPUS_PLUS_EXPERT_REVIEW_API_OUTPUT_NEVER_GROUND_TRUTH	PackMatCore_LM_zero_shot	claim_entailment_numeric_accuracy_citation_precision_and_tradeoff_coverage	MAX_1P2M_PARAMETERS_W8_INDEPENDENT_FULL_WEIGHTS	ICMAT_COUNCIL_PACKAGING_REVIEW	ICM-167	PRE_REGISTERED_PLAN_ONLY	0
CAND-G-042	OBJ-CAND-G-042-FABDRIFT-LM	fab_query_multivariate_SECOM_trace_drift_models_lot_context_and_cited_process_control_chunks	grounded_fab_drift_summary_with_ranked_variables_and_verification_actions	LICENSED_FAB_PROCESS_CORPUS_PLUS_EXPERT_REVIEW_API_OUTPUT_NEVER_GROUND_TRUTH	FabQualityCore_LM_zero_shot	root_variable_recall_claim_entailment_citation_precision_and_false_alarm_rate	MAX_1P2M_PARAMETERS_W8_INDEPENDENT_FULL_WEIGHTS	ICMAT_COUNCIL_FAB_REVIEW	ICM-148	PRE_REGISTERED_PLAN_ONLY	0
CAND-G-043	OBJ-CAND-G-043-YIELDINVESTIGATION-LM	yield_query_virtual_metrology_predictions_process_context_evidence_graph_and_cited_yield_chunks	grounded_yield_loss_investigation_plan_with_hypotheses_tests_and_stop_conditions	LICENSED_YIELD_CORPUS_PLUS_EXPERT_REVIEW_API_OUTPUT_NEVER_GROUND_TRUTH	VirtualMetrologyYield_LM_zero_shot	hypothesis_recall_test_plan_validity_claim_entailment_and_citation_precision	MAX_1P2M_PARAMETERS_W8_INDEPENDENT_FULL_WEIGHTS	ICMAT_COUNCIL_YIELD_REVIEW	ICM-168	PRE_REGISTERED_PLAN_ONLY	0
CAND-G-044	OBJ-CAND-G-044-EVIDENCECONFLICT-LM	conflicting_claims_evidence_spans_source_metadata_NLI_scores_and_temporal_context	explicit_conflict_resolution_report_with_supported_unresolved_and_rejected_claims	LICENSED_MULTISOURCE_CORPUS_PLUS_EXPERT_ADJUDICATION_API_OUTPUT_NEVER_GROUND_TRUTH	CounterHypothesis_LM_zero_shot	conflict_resolution_macro_F1_claim_entailment_citation_precision_and_overclaim_rate	MAX_0P8M_PARAMETERS_W8_INDEPENDENT_FULL_WEIGHTS	VERIPROCESS_CONFLICT_REVIEW	ICM-170	PRE_REGISTERED_PLAN_ONLY	0
CAND-G-045	OBJ-CAND-G-045-MEASUREMENTPLANNER-LM	current_hypotheses_evidence_gaps_available_instruments_cost_limits_and_cited_method_chunks	ranked_next_measurement_plan_with_expected_information_gain_and_stop_rule	LICENSED_METHOD_CORPUS_PLUS_EXPERT_PLANS_API_OUTPUT_NEVER_GROUND_TRUTH	NextEvidence_LM_zero_shot	expert_rank_correlation_information_gain_regret_constraint_violation_rate_and_citation_precision	MAX_0P8M_PARAMETERS_W8_INDEPENDENT_FULL_WEIGHTS	VERIPROCESS_NEXT_EVIDENCE	ICM-171	PRE_REGISTERED_PLAN_ONLY	0
CAND-G-046	OBJ-CAND-G-046-FAILUREMODE-LM	sensor_events_device_models_process_stage_evidence_graph_and_cited_FMEA_chunks	grounded_failure_mode_hypotheses_with_likelihood_evidence_and_disconfirming_tests	LICENSED_FMEA_CORPUS_PLUS_EXPERT_REVIEW_API_OUTPUT_NEVER_GROUND_TRUTH	HypothesisComposer_LM_zero_shot	failure_mode_top3_recall_claim_entailment_test_validity_and_citation_precision	MAX_0P8M_PARAMETERS_W8_INDEPENDENT_FULL_WEIGHTS	ROOT_EGUARD_FAILURE_REVIEW	ICM-169	PRE_REGISTERED_PLAN_ONLY	0
CAND-G-047	OBJ-CAND-G-047-TRACEABILITY-LM	batch_ledger_model_hash_dataset_provenance_EvidenceCards_and_cited_source_records	traceability_narrative_with_complete_claim_to_source_links_and_missing_evidence_flags	LICENSED_PROVENANCE_CORPUS_PLUS_EXPERT_REVIEW_API_OUTPUT_NEVER_GROUND_TRUTH	GroundedSynthesis_LM_zero_shot	claim_source_link_F1_provenance_completeness_hallucination_rate_and_abstention_F1	MAX_0P8M_PARAMETERS_W8_INDEPENDENT_FULL_WEIGHTS	PROOFPASS_TRACE_LEDGER	ICM-172	PRE_REGISTERED_PLAN_ONLY	0
CAND-G-048	OBJ-CAND-G-048-OPERATORTRAINING-LM	operator_question_verified_SOP_safety_state_UI_context_and_cited_training_chunks	grounded_operator_training_answer_with_steps_limits_and_escalation_trigger	LICENSED_SOP_CORPUS_PLUS_EXPERT_REVIEW_API_OUTPUT_NEVER_GROUND_TRUTH	PhosCore_LM_zero_shot	procedure_step_F1_claim_entailment_citation_precision_and_unsafe_instruction_rate	MAX_1P2M_PARAMETERS_W8_INDEPENDENT_FULL_WEIGHTS	HMI_TRAINING_ASSISTANT	ICM-143	PRE_REGISTERED_PLAN_ONLY	0
CAND-S-001	OBJ-ICM-173-EXPERT-SELECTION	user_query_domain_features_and_available_model_capabilities	recommended_expert_ID_distribution	LICENSED_CORPUS_REQUIRED	deterministic_keyword_router	top1_accuracy_MRR_and_ECE	params_le_42k_INT8_weights_le_52KiB	ICMAT_COUNCIL_RAG	PRIMARY_TARGET	PRE_REGISTERED_PLAN_ONLY	0
CAND-S-002	OBJ-ICM-174-EVIDENCE-SUFFICIENCY	claim_required_fields_retrieved_evidence_provenance_and_coverage	evidence_sufficient_insufficient_probability	LICENSED_CORPUS_REQUIRED	citation_count_threshold	AUROC_Brier_score_and_insufficient_recall	params_le_34k_INT8_weights_le_44KiB	ICMAT_COUNCIL_RAG	PRIMARY_TARGET	PRE_REGISTERED_PLAN_ONLY	0
CAND-S-003	OBJ-ICM-175-DISAGREEMENT-ARBITRATION	expert_claims_confidences_provenance_and_pairwise_NLI	supported_side_or_abstain_distribution	LICENSED_CORPUS_REQUIRED	majority_vote	macro_F1_abstain_recall_and_decision_regret	params_le_40k_INT8_weights_le_52KiB	ICMAT_COUNCIL_RAG	PRIMARY_TARGET	PRE_REGISTERED_PLAN_ONLY	0
CAND-S-004	OBJ-ICM-176-REFUSAL-RISK	query_retrieval_coverage_OOD_NLI_and_numeric_flags	should_refuse_probability	LICENSED_CORPUS_REQUIRED	fixed_OOD_or_no_citation_rule	AUROC_unsafe_answer_FNR_and_ECE	params_le_30k_INT8_weights_le_40KiB	ICMAT_COUNCIL_RAG	PRIMARY_TARGET	PRE_REGISTERED_PLAN_ONLY	0
CAND-S-005	OBJ-ICM-177-CLAIM-SPAN-TAGGING	candidate_answer_tokens_and_sentence_boundaries	BIO_claim_spans_for_atomic_verification	LICENSED_CORPUS_REQUIRED	sentence_split_regex	span_F1_exact_claim_recall_and_boundary_error	params_le_44k_INT8_weights_le_56KiB	ICMAT_COUNCIL_RAG	PRIMARY_TARGET	PRE_REGISTERED_PLAN_ONLY	0
CAND-S-006	OBJ-ICM-178-PROVENANCE-RISK	source_license_date_truth_class_and_claim_link_features	provenance_risk_low_medium_high_and_reason_code	LICENSED_CORPUS_REQUIRED	source_whitelist_rule	macro_F1_high_risk_recall_and_ECE	params_le_32k_INT8_weights_le_42KiB	ICMAT_COUNCIL_RAG	PRIMARY_TARGET	PRE_REGISTERED_PLAN_ONLY	0
CAND-S-007	OBJ-ICM-179-ANSWER-QUALITY-ESTIMATION	answer_claims_NLI_citations_numeric_checks_and_refusal_context	answer_quality_score_0_to_1	LICENSED_CORPUS_REQUIRED	length_plus_citation_count_linear_score	Spearman_rho_MAE_and_bad_answer_AUPRC	params_le_38k_INT8_weights_le_48KiB	ICMAT_COUNCIL_RAG	PRIMARY_TARGET	PRE_REGISTERED_PLAN_ONLY	0
CAND-S-008	OBJ-ICM-180-EVIDENCE-GAIN-REGRESSION	current_evidence_graph_candidate_measurement_cost_and_uncertainty	expected_uncertainty_reduction_per_candidate_evidence	LICENSED_CORPUS_REQUIRED	uncovered_field_count_heuristic	gain_MAE_Spearman_rho_and_top3_regret	params_le_40k_INT8_weights_le_52KiB	ICMAT_COUNCIL_RAG	PRIMARY_TARGET	PRE_REGISTERED_PLAN_ONLY	0
CAND-S-009	OBJ-ICM-181-PHOSPHOR-QUERY-ENCODING	phosphor_query_and_licensed_phosphor_passages	embedding_for_phosphor_relevance	LICENSED_CORPUS_REQUIRED	BM25_phosphor_namespace	Recall_at_10_MRR_at_10_and_NDCG_at_10	params_le_64k_INT8_weights_le_80KiB	ICMAT_COUNCIL_RAG	PRIMARY_TARGET	PRE_REGISTERED_PLAN_ONLY	0
CAND-S-010	OBJ-ICM-182-FURNACE-QUERY-ENCODING	furnace_query_and_licensed_furnace_evidence_passages	embedding_for_furnace_relevance	LICENSED_CORPUS_REQUIRED	BM25_furnace_namespace	Recall_at_10_MRR_at_10_and_NDCG_at_10	params_le_64k_INT8_weights_le_80KiB	ICMAT_COUNCIL_RAG	PRIMARY_TARGET	PRE_REGISTERED_PLAN_ONLY	0
CAND-S-011	OBJ-ICM-183-SEMIMAT-QUERY-ENCODING	semiconductor_material_query_and_licensed_property_passages	embedding_for_semimat_relevance	LICENSED_CORPUS_REQUIRED	BM25_semimat_namespace	Recall_at_10_MRR_at_10_and_NDCG_at_10	params_le_68k_INT8_weights_le_84KiB	ICMAT_COUNCIL_RAG	PRIMARY_TARGET	PRE_REGISTERED_PLAN_ONLY	0
CAND-S-012	OBJ-ICM-184-METROLOGY-QUERY-ENCODING	metrology_query_and_licensed_measurement_passages	embedding_for_metrology_relevance	LICENSED_CORPUS_REQUIRED	BM25_metrology_namespace	Recall_at_10_MRR_at_10_and_NDCG_at_10	params_le_64k_INT8_weights_le_80KiB	ICMAT_COUNCIL_RAG	PRIMARY_TARGET	PRE_REGISTERED_PLAN_ONLY	0
CAND-S-013	OBJ-ICM-185-PACKAGING-QUERY-ENCODING	packaging_query_and_licensed_reliability_passages	embedding_for_packaging_relevance	LICENSED_CORPUS_REQUIRED	BM25_packaging_namespace	Recall_at_10_MRR_at_10_and_NDCG_at_10	params_le_64k_INT8_weights_le_80KiB	ICMAT_COUNCIL_RAG	PRIMARY_TARGET	PRE_REGISTERED_PLAN_ONLY	0
CAND-S-014	OBJ-ICM-186-FABQUALITY-QUERY-ENCODING	fab_quality_query_and_licensed_process_passages	embedding_for_fab_quality_relevance	LICENSED_CORPUS_REQUIRED	BM25_fab_quality_namespace	Recall_at_10_MRR_at_10_and_NDCG_at_10	params_le_64k_INT8_weights_le_80KiB	ICMAT_COUNCIL_RAG	PRIMARY_TARGET	PRE_REGISTERED_PLAN_ONLY	0
CAND-S-015	OBJ-ICM-187-PHOSPHOR-RERANKING	phosphor_query_top50_candidates_and_cross_features	phosphor_passage_relevance_score	LICENSED_CORPUS_REQUIRED	ICM181_encoder_similarity_rank	NDCG_at_10_MRR_at_10_and_pairwise_accuracy	params_le_52k_INT8_weights_le_64KiB	ICMAT_COUNCIL_RAG	PRIMARY_TARGET	PRE_REGISTERED_PLAN_ONLY	0
CAND-S-016	OBJ-ICM-188-FURNACE-RERANKING	furnace_query_top50_candidates_and_sensor_term_features	furnace_evidence_relevance_score	LICENSED_CORPUS_REQUIRED	ICM182_encoder_similarity_rank	NDCG_at_10_MRR_at_10_and_critical_evidence_recall	params_le_52k_INT8_weights_le_64KiB	ICMAT_COUNCIL_RAG	PRIMARY_TARGET	PRE_REGISTERED_PLAN_ONLY	0
CAND-S-017	OBJ-ICM-189-SEMIMAT-RERANKING	semimat_query_top50_candidates_source_state_and_property_features	semimat_passage_relevance_score	LICENSED_CORPUS_REQUIRED	ICM183_encoder_similarity_rank	NDCG_at_10_MRR_at_10_and_experimental_computed_filter_accuracy	params_le_56k_INT8_weights_le_68KiB	ICMAT_COUNCIL_RAG	PRIMARY_TARGET	PRE_REGISTERED_PLAN_ONLY	0
CAND-S-018	OBJ-ICM-190-METROLOGY-RERANKING	metrology_query_top50_candidates_unit_method_and_quality_features	metrology_passage_relevance_score	LICENSED_CORPUS_REQUIRED	ICM184_encoder_similarity_rank	NDCG_at_10_MRR_at_10_and_method_match_accuracy	params_le_52k_INT8_weights_le_64KiB	ICMAT_COUNCIL_RAG	PRIMARY_TARGET	PRE_REGISTERED_PLAN_ONLY	0
CAND-S-019	OBJ-ICM-191-PACKAGING-RERANKING	packaging_query_top50_candidates_stack_failure_and_condition_features	packaging_passage_relevance_score	LICENSED_CORPUS_REQUIRED	ICM185_encoder_similarity_rank	NDCG_at_10_MRR_at_10_and_condition_match_accuracy	params_le_52k_INT8_weights_le_64KiB	ICMAT_COUNCIL_RAG	PRIMARY_TARGET	PRE_REGISTERED_PLAN_ONLY	0
CAND-S-020	OBJ-ICM-192-FABQUALITY-RERANKING	fab_quality_query_top50_candidates_tool_step_dataset_scope_features	fab_quality_passage_relevance_score	LICENSED_CORPUS_REQUIRED	ICM186_encoder_similarity_rank	NDCG_at_10_MRR_at_10_and_scope_match_accuracy	params_le_52k_INT8_weights_le_64KiB	ICMAT_COUNCIL_RAG	PRIMARY_TARGET	PRE_REGISTERED_PLAN_ONLY	0
CAND-S-021	OBJ-ICM-193-PHOSPHOR-CLAIM-NLI	phosphor_atomic_claim_and_cited_passage	phosphor_entailment_contradiction_unknown_label	LICENSED_CORPUS_REQUIRED	token_overlap_threshold	macro_F1_contradiction_recall_and_ECE	params_le_58k_INT8_weights_le_72KiB	ICMAT_COUNCIL_RAG	PRIMARY_TARGET	PRE_REGISTERED_PLAN_ONLY	0
CAND-S-022	OBJ-ICM-194-FURNACE-CLAIM-NLI	furnace_atomic_claim_live_log_evidence_and_timestamp	furnace_entailment_contradiction_unknown_label	LICENSED_CORPUS_REQUIRED	token_overlap_plus_timestamp_rule	macro_F1_contradiction_recall_and_stale_claim_recall	params_le_58k_INT8_weights_le_72KiB	ICMAT_COUNCIL_RAG	PRIMARY_TARGET	PRE_REGISTERED_PLAN_ONLY	0
CAND-S-023	OBJ-ICM-195-SEMIMAT-CLAIM-NLI	semimat_atomic_claim_cited_passage_and_source_state	semimat_entailment_contradiction_unknown_label	LICENSED_CORPUS_REQUIRED	token_overlap_threshold	macro_F1_contradiction_recall_and_source_state_error_recall	params_le_62k_INT8_weights_le_76KiB	ICMAT_COUNCIL_RAG	PRIMARY_TARGET	PRE_REGISTERED_PLAN_ONLY	0
CAND-S-024	OBJ-ICM-196-METROLOGY-CLAIM-NLI	metrology_atomic_claim_cited_passage_units_and_method	metrology_entailment_contradiction_unknown_label	LICENSED_CORPUS_REQUIRED	lexical_overlap_plus_unit_match	macro_F1_contradiction_recall_and_unit_mismatch_recall	params_le_60k_INT8_weights_le_74KiB	ICMAT_COUNCIL_RAG	PRIMARY_TARGET	PRE_REGISTERED_PLAN_ONLY	0
CAND-S-025	OBJ-ICM-197-PACKAGING-CLAIM-NLI	packaging_atomic_claim_cited_passage_stack_and_test_conditions	packaging_entailment_contradiction_unknown_label	LICENSED_CORPUS_REQUIRED	token_overlap_plus_condition_match	macro_F1_contradiction_recall_and_condition_mismatch_recall	params_le_60k_INT8_weights_le_74KiB	ICMAT_COUNCIL_RAG	PRIMARY_TARGET	PRE_REGISTERED_PLAN_ONLY	0
CAND-S-026	OBJ-ICM-198-FABQUALITY-CLAIM-NLI	fab_quality_atomic_claim_cited_passage_tool_step_and_dataset_scope	fabquality_entailment_contradiction_unknown_label	LICENSED_CORPUS_REQUIRED	token_overlap_plus_scope_match	macro_F1_contradiction_recall_and_scope_mismatch_recall	params_le_60k_INT8_weights_le_74KiB	ICMAT_COUNCIL_RAG	PRIMARY_TARGET	PRE_REGISTERED_PLAN_ONLY	0
CAND-S-027	OBJ-ICM-199-DOMAIN-TASK-ROUTING	user_query_entities_units_and_requested_output	six_domain_plus_cross_domain_plus_OOD_task_distribution	LICENSED_CORPUS_REQUIRED	deterministic_keyword_router	macro_F1_top2_recall_and_ECE	params_le_36k_INT8_weights_le_46KiB	ICMAT_COUNCIL_RAG	PRIMARY_TARGET	PRE_REGISTERED_PLAN_ONLY	0
CAND-S-028	OBJ-ICM-200-RAG-OOD-DETECTION	query_embedding_nearest_distance_domain_scores_and_entity_coverage	in_domain_out_of_domain_score_and_reason_code	LICENSED_CORPUS_REQUIRED	fixed_embedding_distance_threshold	AUROC_FPR95_and_in_domain_false_reject_rate	params_le_28k_INT8_weights_le_36KiB	ICMAT_COUNCIL_RAG	PRIMARY_TARGET	PRE_REGISTERED_PLAN_ONLY	0
CAND-S-029	OBJ-CAND-S-029-SHAREDMULTIDOMAIN-QUERYENCODER	query_positive_chunk_hard_negative_chunks_and_domain_id_across_all_RAG_namespaces	shared_query_chunk_embedding_similarity_order	LICENSED_RAG_CORPUS_WITH_DOCUMENT_FAMILY_SPLIT_AND_NO_TEST_LEAKAGE	BM25_shared_index	MRR_at_10_recall_at_20_and_cross_domain_worst_group_recall	MAX_192K_PARAMETERS_W8A8	RAG_SHARED_ENCODER_ABLATION	ICM-181,ICM-182,ICM-183,ICM-184,ICM-185,ICM-186	PRE_REGISTERED_PLAN_ONLY	0
CAND-S-030	OBJ-CAND-S-030-SHAREDMULTIDOMAIN-RERANKER	query_topK_candidate_chunks_domain_id_and_retrieval_scores	shared_cross_domain_chunk_relevance_grade	LICENSED_RAG_JUDGMENTS_WITH_DOCUMENT_FAMILY_SPLIT	BM25_score_order	NDCG_at_10_MRR_and_worst_domain_NDCG	MAX_192K_PARAMETERS_W8A8	RAG_SHARED_RERANKER_ABLATION	ICM-187,ICM-188,ICM-189,ICM-190,ICM-191,ICM-192	PRE_REGISTERED_PLAN_ONLY	0
CAND-S-031	OBJ-CAND-S-031-SHAREDMULTIDOMAIN-CLAIMNLI	generated_claim_evidence_span_domain_id_and_numeric_features	shared_claim_relation_entails_contradicts_unknown	LICENSED_NLI_PAIRS_PLUS_DOMAIN_EXPERT_ADJUDICATION_WITH_DOCUMENT_SPLIT	lexical_overlap_plus_numeric_consistency_rules	macro_F1_contradiction_recall_and_worst_domain_F1	MAX_192K_PARAMETERS_W8A8	RAG_SHARED_NLI_ABLATION	ICM-193,ICM-194,ICM-195,ICM-196,ICM-197,ICM-198	PRE_REGISTERED_PLAN_ONLY	0
CAND-S-032	OBJ-CAND-S-032-QUERYREFORMULATOR	raw_operator_query_dialog_context_domain_hint_and_known_material_entities	retrieval_query_terms_and_entity_preserving_rewrite	LICENSED_QUERY_RELEVANCE_PAIRS_WITH_SESSION_LEVEL_SPLIT	raw_query_without_rewrite	recall_at_20_gain_entity_preservation_F1_and_bad_rewrite_rate	MAX_96K_PARAMETERS_W8A8	RAG_QUERY_PIPELINE	ICM-199	PRE_REGISTERED_PLAN_ONLY	0
CAND-S-033	OBJ-CAND-S-033-DOMAINCALIBRATIONNET	router_logits_retrieval_scores_OOD_features_and_true_domain_label	calibrated_domain_probability_and_abstain_probability	HELDOUT_MULTIDOMAIN_QUERIES_WITH_SOURCE_FAMILY_SPLIT	temperature_scaling	ECE_Brier_score_abstention_AUROC_and_worst_domain_ECE	MAX_32K_PARAMETERS_W8A8	ICMAT_COUNCIL_ROUTING_GATE	ICM-200	PRE_REGISTERED_PLAN_ONLY	0
CAND-S-034	OBJ-CAND-S-034-CITATIONSPANALIGNER	answer_claim_tokens_source_document_tokens_and_retrieval_offsets	supporting_citation_start_end_offsets_and_no_span_class	LICENSED_DOCUMENTS_WITH_EXPERT_SPAN_ANNOTATIONS_AND_DOCUMENT_SPLIT	sentence_level_lexical_overlap	span_exact_match_span_F1_and_no_span_macro_F1	MAX_128K_PARAMETERS_W8A8	PROOFPASS_CITATION_BINDER	ICM-177	PRE_REGISTERED_PLAN_ONLY	0
CAND-S-035	OBJ-CAND-S-035-NUMERICALCLAIMCLASSIFIER	numeric_claim_value_unit_evidence_sentence_table_cells_and_tolerance_rule	numeric_claim_supported_contradicted_or_insufficient_class	LICENSED_NUMERIC_EVIDENCE_PAIRS_WITH_DOCUMENT_AND_TABLE_SPLIT	exact_number_and_unit_match_rules	macro_F1_contradiction_recall_and_numeric_false_accept_rate	MAX_64K_PARAMETERS_W8A8	PROOFPASS_NUMERIC_GUARD	ICM-178	PRE_REGISTERED_PLAN_ONLY	0
CAND-S-036	OBJ-CAND-S-036-UNITANOMALYCLASSIFIER	equation_tokens_quantities_units_dimensions_and_local_context	unit_consistent_convertible_or_dimensionally_invalid_class	CURATED_SI_UNIT_CASES_PLUS_LICENSED_DOMAIN_EXAMPLES_WITH_TEMPLATE_SPLIT	deterministic_dimension_parser	macro_F1_invalid_recall_and_false_reject_rate	MAX_48K_PARAMETERS_W8A8	PROOFPASS_UNIT_GUARD	ICM-178	PRE_REGISTERED_PLAN_ONLY	0
CAND-S-037	OBJ-CAND-S-037-TEMPORALEVIDENCERANKER	query_candidate_evidence_timestamp_batch_id_revision_and_process_stage	temporally_valid_evidence_relevance_order	LICENSED_OR_TEAM_LEDGER_RELEVANCE_JUDGMENTS_WITH_BATCH_SPLIT	relevance_score_times_exponential_age_decay	NDCG_at_10_stale_evidence_rejection_recall_and_MRR	MAX_96K_PARAMETERS_W8A8	CHRONOSPEC_RAG_RANKING	ICM-180	PRE_REGISTERED_PLAN_ONLY	0
CAND-S-038	OBJ-CAND-S-038-SOURCETRUSTCALIBRATOR	source_type_license_provenance_method_quality_retraction_flag_and_claim_support_score	calibrated_source_trust_probability_and_trust_tier	CURATED_SOURCE_AUDIT_LABELS_WITH_PUBLISHER_AND_DOCUMENT_FAMILY_SPLIT	fixed_provenance_tier_rules	Brier_score_ECE_tier_macro_F1_and_high_trust_false_accept_rate	MAX_48K_PARAMETERS_W8A8	EVIDENCECARD_SOURCE_GATE	ICM-178	PRE_REGISTERED_PLAN_ONLY	0
CAND-S-039	OBJ-CAND-S-039-DUPLICATEEVIDENCEDETECTOR	evidence_span_pair_document_metadata_embedding_and_citation_graph_features	duplicate_near_duplicate_or_independent_evidence_class	LICENSED_CORPUS_WITH_EXPERT_DUPLICATE_GROUPS_AND_DOCUMENT_SPLIT	MinHash_Jaccard_threshold	macro_F1_independent_evidence_precision_and_cluster_ARI	MAX_64K_PARAMETERS_W8A8	EVIDENCEMESH_DEDUP	ICM-174	PRE_REGISTERED_PLAN_ONLY	0
CAND-S-040	OBJ-CAND-S-040-CONTRADICTIONEDGECLASSIFIER	claim_pair_supporting_spans_numeric_features_and_temporal_context	contradiction_graph_edge_type_direct_conditional_temporal_or_none	LICENSED_NLI_PAIRS_PLUS_EXPERT_EDGE_LABELS_WITH_DOCUMENT_SPLIT	generic_claim_NLI_without_edge_type	edge_macro_F1_direct_contradiction_recall_and_graph_precision	MAX_96K_PARAMETERS_W8A8	ROOT_EGUARD_EVIDENCEMESH	ICM-175	PRE_REGISTERED_PLAN_ONLY	0
CAND-S-041	OBJ-CAND-S-041-MODELCOMPETENCEESTIMATOR	model_id_domain_task_features_input_OOD_score_recent_validation_metrics_and_resource_state	probability_model_answer_will_pass_quality_gate	FROZEN_VALIDATION_HISTORY_WITH_MODEL_AND_DATASET_HOLDOUT	static_model_leaderboard_rank	Brier_score_selective_risk_and_regret_vs_oracle	MAX_48K_PARAMETERS_W8A8	ICMAT_COUNCIL_EXPERT_SELECTOR	ICM-173	PRE_REGISTERED_PLAN_ONLY	0
CAND-S-042	OBJ-CAND-S-042-EVIDENCEFRESHNESSCLASSIFIER	evidence_timestamp_revision_batch_stage_source_type_and_query_temporal_scope	fresh_stale_superseded_or_time_irrelevant_class	TEAM_LEDGER_PLUS_LICENSED_REVISION_CASES_WITH_SOURCE_SPLIT	fixed_age_threshold_by_source_type	macro_F1_stale_recall_and_false_stale_rate	MAX_48K_PARAMETERS_W8A8	CHRONOSPEC_FRESHNESS_GATE	ICM-174	PRE_REGISTERED_PLAN_ONLY	0
CAND-S-043	OBJ-CAND-S-043-MATERIALENTITYLINKER	material_mention_context_formula_tokens_alias_dictionary_and_candidate_KB_nodes	linked_material_entity_ID_or_unresolved_class	LICENSED_MATERIAL_TEXT_WITH_EXPERT_LINKS_AND_DOCUMENT_SPLIT	normalized_formula_exact_match_plus_alias_lookup	link_accuracy_MRR_and_unresolved_F1	MAX_128K_PARAMETERS_W8A8	RAG_MATERIAL_GRAPH	ICM-199	PRE_REGISTERED_PLAN_ONLY	0
CAND-S-044	OBJ-CAND-S-044-PROCESSENTITYLINKER	process_step_mention_context_recipe_vocabulary_and_candidate_process_nodes	linked_process_entity_ID_or_unresolved_class	LICENSED_PROCESS_TEXT_PLUS_TEAM_RECIPE_TERMS_WITH_DOCUMENT_SPLIT	controlled_vocabulary_exact_match	link_accuracy_MRR_and_unresolved_F1	MAX_128K_PARAMETERS_W8A8	SINTERGRAPH_TEXT_BRIDGE	ICM-199	PRE_REGISTERED_PLAN_ONLY	0
CAND-S-045	OBJ-CAND-S-045-MATERIALRELATIONEXTRACTOR	sentence_tokens_linked_material_entities_process_entities_and_evidence_span	material_process_property_relation_type_and_argument_spans	LICENSED_DOMAIN_TEXT_WITH_EXPERT_RELATION_LABELS_AND_DOCUMENT_SPLIT	dependency_path_pattern_rules	relation_macro_F1_argument_span_F1_and_false_relation_rate	MAX_160K_PARAMETERS_W8A8	ICMAT_KNOWLEDGE_GRAPH	ICM-177	PRE_REGISTERED_PLAN_ONLY	0
CAND-S-046	OBJ-CAND-S-046-TABLEEVIDENCEMATCHER	claim_tokens_table_caption_headers_cells_units_and_document_context	supporting_table_cell_set_and_relation_supported_or_not	LICENSED_OPEN_ARTICLE_TABLES_WITH_EXPERT_CELL_LINKS_AND_DOCUMENT_SPLIT	header_token_overlap_plus_numeric_match	cell_F1_claim_support_macro_F1_and_numeric_false_accept_rate	MAX_128K_PARAMETERS_W8A8	PROOFPASS_TABLE_EVIDENCE	ICM-177	PRE_REGISTERED_PLAN_ONLY	0
CAND-S-047	OBJ-CAND-S-047-FIGURECAPTIONEVIDENCEMATCHER	claim_tokens_figure_caption_panel_labels_OCR_text_and_document_context	supporting_figure_panel_and_support_relation	LICENSED_OPEN_ARTICLE_FIGURES_WITH_EXPERT_PANEL_LINKS_AND_DOCUMENT_SPLIT	caption_BM25_retrieval	panel_accuracy_claim_support_macro_F1_and_false_support_rate	MAX_128K_PARAMETERS_W8A8	PROOFPASS_FIGURE_EVIDENCE	ICM-177	PRE_REGISTERED_PLAN_ONLY	0
CAND-S-048	OBJ-CAND-S-048-MULTITASKCOORDINATIONBASELINE	shared_query_evidence_model_scores_OOD_numeric_provenance_and_temporal_features	joint_domain_route_expert_rank_evidence_sufficiency_refusal_conflict_and_quality_outputs	FROZEN_COORDINATION_DATA_WITH_QUERY_AND_DOCUMENT_FAMILY_SPLIT	independent_single_task_heads_with_equal_total_parameter_budget	mean_normalized_task_score_worst_task_score_ECE_and_parameter_efficiency	MAX_256K_PARAMETERS_W8A8_SHARED_MULTITASK	COORDINATION_MERGE_OR_KEEP_GATE	ICM-173,ICM-174,ICM-175,ICM-176,ICM-177,ICM-178,ICM-179,ICM-180	PRE_REGISTERED_PLAN_ONLY	0
