asset_id	objective_id	input_contract	target_label	source_gate	baseline	primary_metric	parameter_cap	consumer	overlap_guard	status	authority
ICM-001	OBJ-ICM-001-CRUCIBLE-STATE	OV5640_QVGA_RGB565_crucible_ROI	crucible_state_loaded_empty_done_and_confidence	FROZEN_EVIDENCE	frozen_CNN_board_checkpoint	golden_vector_accuracy_and_camera_replay_macro_F1	FROZEN_ARTIFACT_NO_RESIZE	LEGACY_UI_RUNTIME	FROZEN_BASELINE_TASK_NOT_RECOUNTED	FROZEN_BASELINE_CONTRACT	0
ICM-002	OBJ-ICM-002-CRUCIBLE-FEW-SHOT	crucible_embedding_plus_support_prototypes	novel_crucible_state_class_and_distance	FROZEN_EVIDENCE	frozen_nearest_class_mean_head	heldout_episode_macro_F1	FROZEN_ARTIFACT_NO_RESIZE	LEGACY_UI_RUNTIME	FROZEN_FEW_SHOT_HEAD_DISTINCT_FROM_ICM_001_CNN	FROZEN_BASELINE_CONTRACT	0
ICM-003	OBJ-ICM-003-SINTER-ANOMALY	multivariate_sinter_sensor_window	reconstruction_residual_and_anomaly_score	FROZEN_EVIDENCE	frozen_autoencoder_threshold	golden_trace_AUROC_and_false_alarm_rate	FROZEN_ARTIFACT_NO_RESIZE	LEGACY_UI_RUNTIME	FROZEN_BASELINE_ANOMALY_NOT_NEW_FORECAST_TASK	FROZEN_BASELINE_CONTRACT	0
ICM-004	OBJ-ICM-004-SINTER-SEQUENCE	ordered_process_feature_sequence	sinter_stage_and_sequence_normality	FROZEN_EVIDENCE	frozen_tiny_transformer_checkpoint	stage_macro_F1_and_sequence_NLL	FROZEN_ARTIFACT_NO_RESIZE	LEGACY_UI_RUNTIME	FROZEN_BASELINE_SEQUENCE_CLASSIFIER	FROZEN_BASELINE_CONTRACT	0
ICM-005	OBJ-ICM-005-RISK-FUSION	frozen_AI_alarm_vector_plus_sensor_health	fused_risk_grade	FROZEN_EVIDENCE	frozen_risk_fusion_checkpoint	risk_macro_F1_and_severe_recall	FROZEN_ARTIFACT_NO_RESIZE	LEGACY_UI_RUNTIME	FROZEN_BASELINE_FUSION_HAS_NO_ACTUATOR_AUTHORITY	FROZEN_BASELINE_CONTRACT	0
ICM-006	OBJ-ICM-006-ROOT-CAUSE	alarm_pattern_plus_process_context	root_cause_class	FROZEN_EVIDENCE	frozen_root_cause_checkpoint	root_cause_macro_F1	FROZEN_ARTIFACT_NO_RESIZE	LEGACY_UI_RUNTIME	FROZEN_BASELINE_CAUSE_CLASSIFIER	FROZEN_BASELINE_CONTRACT	0
ICM-007	OBJ-ICM-007-OPTICAL-TIMESERIES	recipe_and_optical_feature_sequence	emission_peak_and_FWHM_summary	FROZEN_EVIDENCE	frozen_optical_timeseries_checkpoint	lambda_MAE_nm_and_FWHM_MAE_nm	FROZEN_ARTIFACT_NO_RESIZE	LEGACY_UI_RUNTIME	FROZEN_AI6_OUTPUT_BOUNDARY	FROZEN_BASELINE_CONTRACT	0
ICM-008	OBJ-ICM-008-THERMAL-QUENCH-BAND	temperature_PL_response_features	three_band_thermal_quench_class	FROZEN_EVIDENCE	frozen_thermal_quench_checkpoint	band_macro_F1	FROZEN_ARTIFACT_NO_RESIZE	LEGACY_UI_RUNTIME	FROZEN_AI7_CLASS_OUTPUT_BOUNDARY	FROZEN_BASELINE_CONTRACT	0
ICM-009	OBJ-ICM-009-ENERGY-CARBON	recipe_duration_power_profile	energy_kWh_and_CO2_kg	FROZEN_EVIDENCE	frozen_energy_carbon_checkpoint	energy_MAPE_and_CO2_MAPE	FROZEN_ARTIFACT_NO_RESIZE	LEGACY_UI_RUNTIME	FROZEN_BASELINE_ACCOUNTING_TASK	FROZEN_BASELINE_CONTRACT	0
ICM-010	OBJ-ICM-010-RECIPE-RETRIEVAL	composition_target_property_vector	nearest_validated_recipe_ID_and_distance	FROZEN_EVIDENCE	frozen_recipe_kNN_index	top1_retrieval_accuracy_and_MRR	FROZEN_ARTIFACT_NO_RESIZE	LEGACY_UI_RUNTIME	FROZEN_BASELINE_RECIPE_RETRIEVAL	FROZEN_BASELINE_CONTRACT	0
ICM-011	OBJ-ICM-011-VIBRATION-PDM	ADXL345_vibration_window	motor_running_stopped_health_class	FROZEN_EVIDENCE	frozen_vibration_checkpoint	macro_F1_and_false_stop_rate	FROZEN_ARTIFACT_NO_RESIZE	LEGACY_UI_RUNTIME	FROZEN_AI10_TWO_CLASS_BOUNDARY	FROZEN_BASELINE_CONTRACT	0
ICM-012	OBJ-ICM-012-PHASE-PURITY	XRD_derived_phase_features	pure_impure_probability	FROZEN_EVIDENCE	frozen_phase_purity_checkpoint	AUROC_and_Brier_score	FROZEN_ARTIFACT_NO_RESIZE	LEGACY_UI_RUNTIME	FROZEN_BASELINE_PURITY_CLASSIFIER	FROZEN_BASELINE_CONTRACT	0
ICM-013	OBJ-ICM-013-PL-DOPANT	PL_feature_vector	dopant_family_class	FROZEN_EVIDENCE	frozen_PL_dopant_checkpoint	macro_F1	FROZEN_ARTIFACT_NO_RESIZE	LEGACY_UI_RUNTIME	FROZEN_BASELINE_DOPANT_CLASSIFIER	FROZEN_BASELINE_CONTRACT	0
ICM-014	OBJ-ICM-014-PL-QC-ANOMALY	normalized_PL_spectrum	PL_reconstruction_error_and_QC_flag	FROZEN_EVIDENCE	frozen_PL_autoencoder	AUROC_and_false_reject_rate	FROZEN_ARTIFACT_NO_RESIZE	LEGACY_UI_RUNTIME	FROZEN_BASELINE_PL_ANOMALY	FROZEN_BASELINE_CONTRACT	0
ICM-015	OBJ-ICM-015-TEMPERATURE-FORECAST	scalar_temperature_history_and_setpoint	future_scalar_temperature_C	FROZEN_EVIDENCE	frozen_temperature_forecast_checkpoint	MAE_C_at_frozen_horizon	FROZEN_ARTIFACT_NO_RESIZE	LEGACY_UI_RUNTIME	FROZEN_AI14_SCALAR_FORECAST_BOUNDARY	FROZEN_BASELINE_CONTRACT	0
ICM-016	OBJ-ICM-016-PL-HOST-ID	PL_embedding	host_material_class	FROZEN_EVIDENCE	frozen_host_ID_checkpoint	macro_F1	FROZEN_ARTIFACT_NO_RESIZE	LEGACY_UI_RUNTIME	FROZEN_AI15_HOST_CLASS_BOUNDARY	FROZEN_BASELINE_CONTRACT	0
ICM-017	OBJ-ICM-017-PL-EMISSION-LAMBDA	PL_spectrum_features	emission_peak_wavelength_nm	FROZEN_EVIDENCE	frozen_PL_lambda_checkpoint	MAE_nm	FROZEN_ARTIFACT_NO_RESIZE	LEGACY_UI_RUNTIME	FROZEN_AI16_EMISSION_PEAK_BOUNDARY	FROZEN_BASELINE_CONTRACT	0
ICM-018	OBJ-ICM-018-PL-FEW-SHOT	PL_embedding_plus_support_prototypes	novel_PL_class_and_distance	FROZEN_EVIDENCE	frozen_PL_few_shot_head	episode_macro_F1	FROZEN_ARTIFACT_NO_RESIZE	LEGACY_UI_RUNTIME	FROZEN_FEW_SHOT_PL_TASK	FROZEN_BASELINE_CONTRACT	0
ICM-019	OBJ-ICM-019-RUL-ETA	process_stage_health_and_elapsed_time	remaining_time_and_completion_ETA	FROZEN_EVIDENCE	frozen_RUL_ETA_checkpoint	MAE_minutes_and_interval_coverage	FROZEN_ARTIFACT_NO_RESIZE	LEGACY_UI_RUNTIME	FROZEN_BASELINE_TIME_TO_COMPLETION	FROZEN_BASELINE_CONTRACT	0
ICM-020	OBJ-ICM-020-THERMOCOUPLE-INTEGRITY	thermocouple_raw_fault_and_cross_sensor_features	TC_healthy_open_short_intermittent_class	FROZEN_EVIDENCE	frozen_TC_integrity_checkpoint	macro_F1_and_open_fault_recall	FROZEN_ARTIFACT_NO_RESIZE	LEGACY_UI_RUNTIME	FROZEN_BASELINE_TC_HEALTH	FROZEN_BASELINE_CONTRACT	0
ICM-021	OBJ-ICM-021-FLAGSHIP-NLM-X1P9	bounded_edge_context_and_frozen_vocabulary	general_process_brief_tokens	FROZEN_EVIDENCE	frozen_x1p9_nanoLM	golden_prompt_exactness_and_token_NLL	FROZEN_ARTIFACT_NO_RESIZE	LEGACY_UI_RUNTIME	FLAGSHIP_FAMILY_MEMBER_NOT_A_SEED_COPY	FROZEN_BASELINE_CONTRACT	0
ICM-022	OBJ-ICM-022-FLAGSHIP-NLM-M1P35	bounded_edge_context_under_medium_memory_budget	general_process_brief_tokens	FROZEN_EVIDENCE	frozen_m1p35_nanoLM	golden_prompt_exactness_and_token_NLL	FROZEN_ARTIFACT_NO_RESIZE	LEGACY_UI_RUNTIME	FLAGSHIP_FAMILY_MEMBER_NOT_A_QUANTIZATION_RECOUNT	FROZEN_BASELINE_CONTRACT	0
ICM-023	OBJ-ICM-023-FLAGSHIP-NLM-S0P6	bounded_edge_context_under_small_memory_budget	compact_process_brief_tokens	FROZEN_EVIDENCE	frozen_s0p6_nanoLM	golden_prompt_exactness_and_token_NLL	FROZEN_ARTIFACT_NO_RESIZE	LEGACY_UI_RUNTIME	FLAGSHIP_FAMILY_MEMBER_NOT_A_SIZE_RECOUNT	FROZEN_BASELINE_CONTRACT	0
ICM-024	OBJ-ICM-024-FAULT-DIAGNOSIS-LM	fault_code_sensor_summary_and_frozen_evidence	bounded_fault_diagnosis_text	FROZEN_EVIDENCE	frozen_E1_fault_LM	grounded_claim_precision_and_refusal_F1	FROZEN_ARTIFACT_NO_RESIZE	LEGACY_UI_RUNTIME	FROZEN_BASELINE_DIAGNOSIS_LM	FROZEN_BASELINE_CONTRACT	0
ICM-025	OBJ-ICM-025-RECIPE-ADVICE-LM	target_material_and_validated_recipe_neighbors	bounded_recipe_advice_text	FROZEN_EVIDENCE	frozen_E2_recipe_LM	constraint_satisfaction_and_citation_precision	FROZEN_ARTIFACT_NO_RESIZE	LEGACY_UI_RUNTIME	FROZEN_BASELINE_RECIPE_LM	FROZEN_BASELINE_CONTRACT	0
ICM-026	OBJ-ICM-026-ENERGY-CARBON-LM	energy_CO2_model_output_and_recipe_context	energy_carbon_explanation_text	FROZEN_EVIDENCE	frozen_E3_energy_LM	numeric_consistency_and_claim_precision	FROZEN_ARTIFACT_NO_RESIZE	LEGACY_UI_RUNTIME	FROZEN_BASELINE_ENERGY_LM	FROZEN_BASELINE_CONTRACT	0
ICM-027	OBJ-ICM-027-BATCH-QC-LM	batch_QC_metrics_and_alarm_evidence	batch_QC_summary_text	FROZEN_EVIDENCE	frozen_E4_QC_LM	evidence_coverage_and_hallucination_rate	FROZEN_ARTIFACT_NO_RESIZE	LEGACY_UI_RUNTIME	FROZEN_BASELINE_QC_LM	FROZEN_BASELINE_CONTRACT	0
ICM-028	OBJ-ICM-028-OPERATOR-BRIEF-LM	current_state_alarm_and_next_safe_observation	operator_brief_text	FROZEN_EVIDENCE	frozen_E5_brief_LM	critical_fact_recall_and_unsupported_claim_rate	FROZEN_ARTIFACT_NO_RESIZE	LEGACY_UI_RUNTIME	FROZEN_BASELINE_OPERATOR_LM	FROZEN_BASELINE_CONTRACT	0
ICM-029	OBJ-ICM-029-FORMULA-CHEMISTRY-LM	formula_composition_and_frozen_chemistry_facts	formula_chemistry_explanation_text	FROZEN_EVIDENCE	frozen_E6_chemistry_LM	formula_exactness_and_grounded_claim_F1	FROZEN_ARTIFACT_NO_RESIZE	LEGACY_UI_RUNTIME	FROZEN_BASELINE_CHEMISTRY_LM	FROZEN_BASELINE_CONTRACT	0
ICM-030	OBJ-ICM-030-MAINTENANCE-LM	equipment_health_codes_and_maintenance_evidence	maintenance_action_brief_text	FROZEN_EVIDENCE	frozen_E7_maintenance_LM	fault_action_accuracy_and_refusal_F1	FROZEN_ARTIFACT_NO_RESIZE	LEGACY_UI_RUNTIME	FROZEN_BASELINE_MAINTENANCE_LM	FROZEN_BASELINE_CONTRACT	0
ICM-031	OBJ-ICM-031-EMISSIVITY-CORRECTION	MLX90640_raw_frame_MAX31856_reference_SHT30_ambient	scene_emissivity_coefficient_and_corrected_surface_temperature	L0_L1	fixed_emissivity_0p95	corrected_temperature_MAE_C_and_emissivity_MAE	params_le_40k_INT8_weights_le_48KiB	THERMAL_UI_SINTERGRAPH	CALIBRATES_THERMAL_INPUT_NOT_AI14_FORECAST	PLAN_ONLY_PRE_FREEZE	0
ICM-032	OBJ-ICM-032-THERMAL-RESTORATION	bad_pixel_mask_raw_thermal_frame_and_temporal_neighbors	restored_32x24_temperature_field	L0_L1	median_fill_plus_bilateral_filter	temperature_RMSE_C_SSIM_and_hotspot_recall	params_le_55k_INT8_weights_le_64KiB	THERMAL_UI_SINTERGRAPH	RESTORES_SENSOR_FRAME_NOT_AI14_SCALAR_PREDICTION	PLAN_ONLY_PRE_FREEZE	0
ICM-033	OBJ-ICM-033-THERMAL-UNIFORMITY-SEGMENTATION	calibrated_thermal_frame_and_crucible_mask	pixelwise_cold_nominal_hot_uniformity_mask	L0_L1	center_ring_delta_threshold	class_mIoU_and_hot_region_recall	params_le_70k_INT8_weights_le_80KiB	THERMAL_UI_SINTERGRAPH	SPATIAL_SEGMENTATION_NOT_AI14_OR_AI7	PLAN_ONLY_PRE_FREEZE	0
ICM-034	OBJ-ICM-034-THERMAL-FIELD-FORECAST	five_calibrated_thermal_frames_heater_state_and_airflow	full_32x24_temperature_field_at_t_plus_5s	L0_L1	pixelwise_persistence	field_RMSE_C_hotspot_IoU_and_endpoint_error_px	params_le_80k_INT8_weights_le_96KiB	THERMAL_UI_SINTERGRAPH	FULL_FIELD_5S_FORECAST_NOT_AI14_SCALAR_HORIZON	PLAN_ONLY_PRE_FREEZE	0
ICM-035	OBJ-ICM-035-PIXEL-DRIFT-MAP	dark_reference_uniform_scene_and_pixel_history	per_pixel_offset_drift_map_C	L0_L1	single_global_offset	drift_RMSE_C_and_bad_pixel_AUROC	params_le_32k_INT8_weights_le_40KiB	THERMAL_UI_SINTERGRAPH	SENSOR_CALIBRATION_NOT_PROCESS_TEMPERATURE_FORECAST	PLAN_ONLY_PRE_FREEZE	0
ICM-036	OBJ-ICM-036-THERMAL-FOV-HEALTH	thermal_frame_statistics_valid_pixel_mask_and_frame_age	FOV_health_clean_occluded_saturated_stale	L0_L1	fixed_valid_pixel_and_range_rules	macro_F1_stale_recall_and_ECE	params_le_24k_INT8_weights_le_32KiB	THERMAL_UI_SINTERGRAPH	INPUT_HEALTH_GATE_NOT_THERMAL_PROCESS_MODEL	PLAN_ONLY_PRE_FREEZE	0
ICM-037	OBJ-ICM-037-INSULATION-LEAK-SEGMENTATION	thermal_shell_frame_ambient_and_geometry_mask	insulation_heat_leak_pixel_mask_and_severity	L0_L1	ambient_plus_fixed_delta_threshold	mIoU_event_AUPRC_and_severity_MAE	params_le_64k_INT8_weights_le_72KiB	THERMAL_UI_SINTERGRAPH	SHELL_LEAK_LOCALIZATION_NOT_AI14_FORECAST	PLAN_ONLY_PRE_FREEZE	0
ICM-038	OBJ-ICM-038-INVERSE-HEAT-FLUX	surface_temperature_sequence_material_properties_and_geometry	spatial_heat_flux_W_per_m2_map	L0_L1	one_dimensional_Fourier_conduction	normalized_RMSE_and_flux_correlation	params_le_72k_INT8_weights_le_88KiB	THERMAL_UI_SINTERGRAPH	PHYSICS_INVERSE_TARGET_NOT_TEMPERATURE_OUTPUT	PLAN_ONLY_PRE_FREEZE	0
ICM-039	OBJ-ICM-039-HEATER-COUPLING-MAP	heater_command_current_and_thermal_response_sequence	per_zone_heater_to_surface_gain_map	L0_L1	uniform_scalar_gain	gain_RMSE_and_rank_correlation	params_le_56k_INT8_weights_le_64KiB	THERMAL_UI_SINTERGRAPH	IDENTIFIES_ACTUATOR_COUPLING_NOT_AI14	PLAN_ONLY_PRE_FREEZE	0
ICM-040	OBJ-ICM-040-HOTSPOT-TRAJECTORY	thermal_hotspot_centroids_over_five_frames_and_actuator_state	hotspot_xy_path_for_next_3s	L0_L1	constant_velocity_centroid	trajectory_ADE_px_and_FDE_px	params_le_36k_INT8_weights_le_48KiB	THERMAL_UI_SINTERGRAPH	SPATIAL_MOTION_TARGET_NOT_AI14_SCALAR	PLAN_ONLY_PRE_FREEZE	0
ICM-041	OBJ-ICM-041-RGBT-REGISTRATION	synchronized_OV5640_RGB_MLX90640_frames_and_calibration_targets	RGB_to_thermal_homography_parameters	L0_L1	identity_transform	corner_reprojection_MAE_px_and_registration_IoU	params_le_45k_INT8_weights_le_56KiB	THERMAL_UI_SINTERGRAPH	CROSS_MODAL_ALIGNMENT_NOT_OBJECT_CLASSIFICATION	PLAN_ONLY_PRE_FREEZE	0
ICM-042	OBJ-ICM-042-CRUCIBLE-FILL-RATIO	RGB_frame_crucible_mask_and_depth_free_geometry_features	powder_fill_ratio_percent	L0_L1	mask_area_geometric_ratio	fill_ratio_MAE_percentage_points	params_le_38k_INT8_weights_le_48KiB	THERMAL_UI_SINTERGRAPH	CONTINUOUS_FILL_ESTIMATE_NOT_AI1_STATE_CLASS	PLAN_ONLY_PRE_FREEZE	0
ICM-043	OBJ-ICM-043-POWDER-UNIFORMITY	powder_ROI_texture_color_and_thermal_statistics	powder_surface_uniformity_score_0_to_1	L0_L1	local_variance_index	Spearman_rho_and_score_MAE	params_le_42k_INT8_weights_le_52KiB	THERMAL_UI_SINTERGRAPH	SURFACE_UNIFORMITY_NOT_THERMAL_UNIFORMITY_MASK	PLAN_ONLY_PRE_FREEZE	0
ICM-044	OBJ-ICM-044-CONTAMINATION-SPOT-SEGMENTATION	RGB_powder_ROI_with_labeled_foreign_spots	contamination_pixel_mask	L0_L1	HSV_outlier_threshold	mIoU_spot_recall_and_false_spots_per_frame	params_le_64k_INT8_weights_le_72KiB	THERMAL_UI_SINTERGRAPH	CONTAMINATION_MASK_NOT_AI1_CRUCIBLE_STATE	PLAN_ONLY_PRE_FREEZE	0
ICM-045	OBJ-ICM-045-SURFACE-CRUST-CRACK	RGB_surface_ROI_and_edge_context	crust_crack_pixel_mask_and_length	L0_L1	Canny_plus_morphology	mIoU_crack_F1_and_length_MAE_px	params_le_68k_INT8_weights_le_80KiB	THERMAL_UI_SINTERGRAPH	CRACK_GEOMETRY_NOT_MACRO_QUALITY_GRADE	PLAN_ONLY_PRE_FREEZE	0
ICM-046	OBJ-ICM-046-FUME-PLUME-SEGMENTATION	RGB_temporal_frames_background_model_and_gas_context	fume_plume_mask_and_area_fraction	L0_L1	frame_difference_threshold	mIoU_plume_event_F1_and_area_MAE	params_le_72k_INT8_weights_le_84KiB	THERMAL_UI_SINTERGRAPH	VISIBLE_PLUME_TASK_NOT_MQ_GAS_REGRESSION	PLAN_ONLY_PRE_FREEZE	0
ICM-047	OBJ-ICM-047-CAMERA-OPTICS-HEALTH	RGB_frame_sharpness_contrast_glare_and_temporal_features	optics_state_clean_fogged_occluded_glare	L0_L1	fixed_sharpness_and_saturation_thresholds	macro_F1_and_clean_false_alarm_rate	params_le_28k_INT8_weights_le_36KiB	THERMAL_UI_SINTERGRAPH	CAMERA_HEALTH_GATE_NOT_SCENE_CLASSIFIER	PLAN_ONLY_PRE_FREEZE	0
ICM-048	OBJ-ICM-048-CRUCIBLE-RIM-INTEGRITY	RGB_rim_ROI_contour_and_temporal_consensus	rim_state_intact_chip_crack_occluded	L0_L1	ellipse_continuity_rule	macro_F1_and_damage_recall	params_le_52k_INT8_weights_le_64KiB	THERMAL_UI_SINTERGRAPH	RIM_DAMAGE_TASK_NOT_AI1_LOAD_STATE	PLAN_ONLY_PRE_FREEZE	0
ICM-049	OBJ-ICM-049-MACRO-SURFACE-QUALITY	RGB_surface_texture_color_crack_and_contamination_features	ordered_surface_quality_grade_A_to_D	L0_L1	LBP_plus_linear_classifier	quadratic_kappa_macro_F1_and_grade_MAE	params_le_44k_INT8_weights_le_56KiB	THERMAL_UI_SINTERGRAPH	ORDINAL_QUALITY_NOT_INDIVIDUAL_DEFECT_SEGMENTERS	PLAN_ONLY_PRE_FREEZE	0
ICM-050	OBJ-ICM-050-THERMAL-TARGET-AUTHENTICITY	RGB_thermal_temporal_parallax_frame_age_and_sensor_status	target_state_live_physical_stale_frame_reflection_screen_replay	L0_L1	entropy_and_frame_age_rules	macro_F1_replay_recall_and_live_false_reject_rate	params_le_48k_INT8_weights_le_60KiB	THERMAL_UI_SINTERGRAPH	EVIDENCE_AUTHENTICITY_GATE_NOT_TEMPERATURE_ESTIMATION	PLAN_ONLY_PRE_FREEZE	0
ICM-051	OBJ-ICM-051-DOOR-SEAL-LEAK	door_perimeter_thermal_sequence_ambient_and_fan_state	seal_leak_segment_and_severity	L0_L1	perimeter_temperature_delta_threshold	event_AUPRC_mIoU_and_severity_MAE	params_le_58k_INT8_weights_le_68KiB	THERMAL_UI_SINTERGRAPH	DOOR_PERIMETER_LEAK_NOT_INSULATION_BODY_LEAK	PLAN_ONLY_PRE_FREEZE	0
ICM-052	OBJ-ICM-052-CRUCIBLE-WARP	RGB_rim_contour_calibration_scale_and_view_pose	rim_warp_deviation_mm_and_direction	L0_L1	best_fit_ellipse_residual	warp_MAE_mm_and_direction_accuracy	params_le_40k_INT8_weights_le_48KiB	THERMAL_UI_SINTERGRAPH	GEOMETRIC_WARP_NOT_RIM_DAMAGE_CLASS	PLAN_ONLY_PRE_FREEZE	0
ICM-053	OBJ-ICM-053-TC-CONTACT-PLACEMENT	MAX31856_TC_CJ_SHT30_and_thermal_ROI_sequences	contact_state_valid_loose_misaligned_detached	L0_L1	fixed_TC_to_surface_disagreement_rule	macro_F1_detached_recall_and_ECE	params_le_28k_INT8_weights_le_36KiB	DEVICE_EVIDENCE_MAINTENANCE	CONTACT_PLACEMENT_NOT_AI20_ELECTRICAL_INTEGRITY	PLAN_ONLY_PRE_FREEZE	0
ICM-054	OBJ-ICM-054-MAX56-BIAS-COMPENSATION	MAX31856_TC_CJ_fault_bits_reference_bath_and_ambient	temperature_bias_correction_C	L0_L1	zero_bias_correction	corrected_temperature_MAE_C_and_p95_error	params_le_24k_INT8_weights_le_32KiB	DEVICE_EVIDENCE_MAINTENANCE	CALIBRATION_RESIDUAL_NOT_AI14_FORECAST_OR_AI20_FAULT	PLAN_ONLY_PRE_FREEZE	0
ICM-055	OBJ-ICM-055-SHT-CONDENSATION-STATE	SHT30_temperature_RH_dewpoint_trend_and_surface_reference	dry_condensation_risk_condensed_state	L0_L1	dewpoint_margin_threshold	macro_F1_condensed_recall_and_warning_lead_time_s	params_le_18k_INT8_weights_le_24KiB	DEVICE_EVIDENCE_MAINTENANCE	HUMIDITY_SENSOR_STATE_NOT_GAS_OR_FURNACE_TEMP	PLAN_ONLY_PRE_FREEZE	0
ICM-056	OBJ-ICM-056-MQ-TH-COMPENSATION	MQ135_raw_SHT30_temperature_RH_and_warmup_age	temperature_humidity_compensated_gas_response	L0_L1	uncompensated_MQ_raw_value	normalized_MAE_and_cross_condition_R2	params_le_20k_INT8_weights_le_28KiB	DEVICE_EVIDENCE_MAINTENANCE	COMPENSATES_SENSOR_SIGNAL_NOT_GAS_EVENT_CLASS	PLAN_ONLY_PRE_FREEZE	0
ICM-057	OBJ-ICM-057-MQ-READINESS	MQ135_warmup_curve_temperature_supply_and_derivative	ready_unstable_fault_state_and_time_to_ready	L0_L1	fixed_180s_warmup_timer	macro_F1_and_time_to_ready_MAE_s	params_le_16k_INT8_weights_le_24KiB	DEVICE_EVIDENCE_MAINTENANCE	SENSOR_READINESS_GATE_NOT_GAS_CONCENTRATION	PLAN_ONLY_PRE_FREEZE	0
ICM-058	OBJ-ICM-058-ADXL-SIGNAL-QUALITY	ADXL345_raw_axes_range_spectrum_and_interrupt_status	signal_state_clean_clipped_EMI_stuck_disconnected	L0_L1	range_RMS_and_zero_variance_rules	macro_F1_EMI_recall_and_false_gate_rate	params_le_24k_INT8_weights_le_32KiB	DEVICE_EVIDENCE_MAINTENANCE	SIGNAL_QUALITY_GATE_NOT_AI10_MOTOR_STATE	PLAN_ONLY_PRE_FREEZE	0
ICM-059	OBJ-ICM-059-INA-TEMP-DRIFT-COMP	INA226_shunt_bus_temperature_and_zero_load_history	temperature_compensated_current_mA	L0_L1	uncompensated_INA_reading	current_MAE_mA_and_zero_offset_p95	params_le_18k_INT8_weights_le_24KiB	DEVICE_EVIDENCE_MAINTENANCE	CURRENT_CALIBRATION_NOT_POWER_EVENT_DETECTION	PLAN_ONLY_PRE_FREEZE	0
ICM-060	OBJ-ICM-060-POWER-RAIL-EVENT	INA226_bus_shunt_current_sequence_and_GPIO_commands	event_none_sag_surge_inrush_dropout_with_onset	L0_L1	fixed_voltage_current_thresholds	event_macro_F1_and_onset_MAE_ms	params_le_30k_INT8_weights_le_40KiB	DEVICE_EVIDENCE_MAINTENANCE	TRANSIENT_EVENT_TASK_NOT_ENERGY_ACCOUNTING_AI8	PLAN_ONLY_PRE_FREEZE	0
ICM-061	OBJ-ICM-061-PTC-THERMAL-EFFICIENCY	PTC_voltage_current_thermal_response_and_ambient	thermal_gain_C_per_W_and_efficiency_percent	L0_L1	rated_power_static_gain	efficiency_MAPE_and_gain_MAE	params_le_26k_INT8_weights_le_36KiB	DEVICE_EVIDENCE_MAINTENANCE	ACTUATOR_EFFICIENCY_NOT_PROCESS_CONTROL_AUTHORITY	PLAN_ONLY_PRE_FREEZE	0
ICM-062	OBJ-ICM-062-PTC-DEGRADATION	PTC_cycle_count_resistance_efficiency_and_heatup_history	health_index_and_remaining_cycles	L0_L1	no_degradation_constant_health	health_MAE_and_RUL_concordance_index	params_le_30k_INT8_weights_le_40KiB	DEVICE_EVIDENCE_MAINTENANCE	LONG_TERM_DEGRADATION_NOT_INSTANT_EFFICIENCY	PLAN_ONLY_PRE_FREEZE	0
ICM-063	OBJ-ICM-063-RELAY-CONTACT-HEALTH	relay_command_INA_current_voltage_and_switch_transient	normal_bounce_high_resistance_welded_open_state	L0_L1	current_present_absent_threshold	macro_F1_welded_recall_and_switch_delay_MAE_ms	params_le_24k_INT8_weights_le_32KiB	DEVICE_EVIDENCE_MAINTENANCE	RELAY_CONTACT_TASK_NOT_GENERIC_POWER_EVENT	PLAN_ONLY_PRE_FREEZE	0
ICM-064	OBJ-ICM-064-MOSFET-CONDUCTION-HEALTH	MOSFET_gate_command_bus_current_voltage_temperature_and_off_leak	Rds_proxy_and_normal_open_short_leaky_state	L0_L1	fixed_Rds_and_leak_thresholds	Rds_MAPE_macro_F1_and_short_recall	params_le_24k_INT8_weights_le_32KiB	DEVICE_EVIDENCE_MAINTENANCE	MOSFET_DEVICE_HEALTH_NOT_PTC_LOAD_HEALTH	PLAN_ONLY_PRE_FREEZE	0
ICM-065	OBJ-ICM-065-FAN-EFFICIENCY	fan_voltage_current_tach_thermal_decay_and_command	cooling_gain_per_watt	L0_L1	fixed_nominal_RPM_per_watt_map	cooling_gain_MAPE_and_efficiency_rank_correlation	params_le_28k_INT8_weights_le_36KiB	DEVICE_EVIDENCE_MAINTENANCE	FAN_EFFICIENCY_NOT_FAN_BEARING_OR_BLOCKAGE	PLAN_ONLY_PRE_FREEZE	0
ICM-066	OBJ-ICM-066-FAN-BEARING-FAULT	ADXL_spectrum_tach_jitter_current_and_fan_command	bearing_state_healthy_imbalance_wear_rub	L0_L1	vibration_RMS_threshold	macro_F1_wear_recall_and_ECE	params_le_36k_INT8_weights_le_48KiB	DEVICE_EVIDENCE_MAINTENANCE	MULTISENSOR_FAN_BEARING_NOT_AI10_RUNNING_STOPPED	PLAN_ONLY_PRE_FREEZE	0
ICM-067	OBJ-ICM-067-FAN-BLOCKAGE	fan_tach_current_thermal_decay_and_command	blockage_severity_none_partial_full	L0_L1	tach_only_threshold	macro_F1_and_severity_MAE	params_le_30k_INT8_weights_le_40KiB	DEVICE_EVIDENCE_MAINTENANCE	AIRFLOW_BLOCKAGE_NOT_BEARING_SPECTRAL_FAULT	PLAN_ONLY_PRE_FREEZE	0
ICM-068	OBJ-ICM-068-TACH-DENOISE	PH11_edge_intervals_GPIO_level_and_EMI_context	clean_edge_frequency_Hz_and_confidence	L0_L1	fixed_debounce_filter	RPM_MAE_edge_precision_and_dropout_rate	params_le_16k_INT8_weights_le_24KiB	DEVICE_EVIDENCE_MAINTENANCE	SIGNAL_RECONSTRUCTION_NOT_FAN_HEALTH_CLASS	PLAN_ONLY_PRE_FREEZE	0
ICM-069	OBJ-ICM-069-MOTOR-MECHANICAL-FAULT	motor_ADXL_spectrum_current_command_and_speed_state	healthy_imbalance_misalignment_looseness_stall_class	L0_L1	AI10_running_stopped_output	macro_F1_stall_recall_and_ECE	params_le_40k_INT8_weights_le_52KiB	DEVICE_EVIDENCE_MAINTENANCE	FAULT_TYPE_EXTENDS_BUT_DOES_NOT_DUPLICATE_AI10	PLAN_ONLY_PRE_FREEZE	0
ICM-070	OBJ-ICM-070-MOTOR-LOAD-DRAG	motor_current_vibration_speed_command_and_baseline_curve	load_drag_torque_proxy_and_excess_drag_score	L0_L1	current_only_linear_fit	torque_proxy_MAE_and_drag_AUPRC	params_le_24k_INT8_weights_le_32KiB	DEVICE_EVIDENCE_MAINTENANCE	CONTINUOUS_LOAD_ESTIMATE_NOT_MECHANICAL_FAULT_CLASS	PLAN_ONLY_PRE_FREEZE	0
ICM-071	OBJ-ICM-071-RTC-TEMPERATURE-DRIFT	DS3231_temperature_elapsed_reference_time_and_aging_offset	clock_drift_ppm_vs_temperature	L0_L1	zero_ppm_drift	drift_MAE_ppm_and_24h_time_error_ms	params_le_14k_INT8_weights_le_20KiB	DEVICE_EVIDENCE_MAINTENANCE	CLOCK_CALIBRATION_NOT_CHRONOSPEC_EVENT_MODEL	PLAN_ONLY_PRE_FREEZE	0
ICM-072	OBJ-ICM-072-SINTERGRAPH-PSP	preburn_recipe_planned_profile_and_process_EvidenceCards_as_of_cutoff	postburn_structure_property_distribution_and_typed_PSP_edges	L2_OPEN	recipe_only_MSC_tree_and_no_graph_multitask_baselines	edge_AUPRC_property_MAE_WIS_and_worst_group_error	params_le_96k_INT8_weights_le_112KiB	SINTERGRAPH_VERIPROCESS	NO_SAME_RUN_POSTBURN_XRD_PL_SEM_INPUT_AND_NOT_A_201ST_ASSET	PLAN_ONLY_PRE_FREEZE	0
ICM-073	OBJ-ICM-073-PRECURSOR-COMPATIBILITY	precursor_formulas_purity_particle_size_and_target_host	precursor_pair_compatibility_probability	L2_OPEN	element_balance_and_valence_hard_rules	AUPRC_Brier_score_and_incompatible_recall	params_le_34k_INT8_weights_le_44KiB	SINTERGRAPH_MATERIAL_CARD	INPUT_COMPATIBILITY_NOT_FINAL_SYNTHESIS_SUCCESS	PLAN_ONLY_PRE_FREEZE	0
ICM-074	OBJ-ICM-074-SYNTHESIZABILITY	composition_precursors_atmosphere_and_recipe_features	successful_target_phase_synthesis_probability	L2_OPEN	nearest_neighbor_recipe_success_rate	AUROC_Brier_score_and_ECE	params_le_46k_INT8_weights_le_56KiB	SINTERGRAPH_MATERIAL_CARD	GLOBAL_SUCCESS_PROBABILITY_NOT_AI11_PHASE_PURITY	PLAN_ONLY_PRE_FREEZE	0
ICM-075	OBJ-ICM-075-COMPETING-PHASE-RANKING	target_composition_precursors_temperature_and_candidate_phases	ranked_competing_phase_list	L2_OPEN	formation_energy_only_ranking	NDCG_at_5_MRR_and_top1_accuracy	params_le_48k_INT8_weights_le_60KiB	SINTERGRAPH_MATERIAL_CARD	RANKS_PHASE_IDENTITIES_NOT_AI11_PURITY_BINARY	PLAN_ONLY_PRE_FREEZE	0
ICM-076	OBJ-ICM-076-REACTION-PATH-RANKING	reactant_product_graph_temperature_and_atmosphere	ranked_intermediate_reaction_paths	L2_OPEN	shortest_stoichiometric_path	path_NDCG_at_5_and_top1_accuracy	params_le_52k_INT8_weights_le_64KiB	SINTERGRAPH_MATERIAL_CARD	REACTION_SEQUENCE_NOT_COMPETING_PHASE_LIST	PLAN_ONLY_PRE_FREEZE	0
ICM-077	OBJ-ICM-077-REACTION-ONSET	composition_precursor_and_heating_rate_features	reaction_onset_temperature_C	L2_OPEN	material_family_median_onset	MAE_C_and_interval_coverage	params_le_34k_INT8_weights_le_44KiB	SINTERGRAPH_MATERIAL_CARD	REACTION_ONSET_NOT_AI14_FURNACE_TEMPERATURE	PLAN_ONLY_PRE_FREEZE	0
ICM-078	OBJ-ICM-078-PHASE-COMPLETION	composition_schedule_atmosphere_and_phase_evidence	phase_completion_temperature_C_and_time_min	L2_OPEN	fixed_recipe_endpoint	temperature_MAE_C_time_MAE_min_and_completion_AUROC	params_le_40k_INT8_weights_le_52KiB	SINTERGRAPH_MATERIAL_CARD	MATERIAL_PHASE_COMPLETION_NOT_PROCESS_ETA_AI19	PLAN_ONLY_PRE_FREEZE	0
ICM-079	OBJ-ICM-079-DENSIFICATION	powder_properties_composition_and_temperature_time_curve	relative_density_trajectory_percent	L2_OPEN	master_sintering_curve_fit	trajectory_RMSE_percent_and_final_density_MAE	params_le_44k_INT8_weights_le_56KiB	SINTERGRAPH_MATERIAL_CARD	DENSITY_PROPERTY_NOT_TEMPERATURE_TRAJECTORY	PLAN_ONLY_PRE_FREEZE	0
ICM-080	OBJ-ICM-080-SINTERING-SHRINKAGE	green_density_particle_size_and_schedule	linear_shrinkage_trajectory_percent	L2_OPEN	linear_thermal_expansion_baseline	trajectory_RMSE_percent_and_final_shrinkage_MAE	params_le_42k_INT8_weights_le_52KiB	SINTERGRAPH_MATERIAL_CARD	GEOMETRIC_SHRINKAGE_NOT_DENSIFICATION_TARGET	PLAN_ONLY_PRE_FREEZE	0
ICM-081	OBJ-ICM-081-GRAIN-GROWTH	initial_grain_size_dopant_atmosphere_and_thermal_dose	final_grain_size_um_and_growth_exponent	L2_OPEN	single_Arrhenius_growth_law	log_grain_MAE_and_growth_exponent_MAE	params_le_38k_INT8_weights_le_48KiB	SINTERGRAPH_MATERIAL_CARD	MICROSTRUCTURE_GRAIN_TARGET_NOT_PHASE_PURITY	PLAN_ONLY_PRE_FREEZE	0
ICM-082	OBJ-ICM-082-AGGLOMERATION-RISK	particle_size_BET_mixing_calcination_and_dopant_features	agglomeration_risk_probability_and_grade	L2_OPEN	particle_size_BET_threshold	AUROC_AUPRC_and_grade_MAE	params_le_32k_INT8_weights_le_42KiB	SINTERGRAPH_MATERIAL_CARD	POWDER_AGGLOMERATION_NOT_RGB_SURFACE_UNIFORMITY	PLAN_ONLY_PRE_FREEZE	0
ICM-083	OBJ-ICM-083-CR-VALENCE-RETENTION	Cr_concentration_host_atmosphere_temperature_and_time	Cr3plus_retention_fraction	L2_OPEN	oxidizing_reducing_atmosphere_rule	fraction_MAE_and_low_retention_AUPRC	params_le_38k_INT8_weights_le_48KiB	SINTERGRAPH_MATERIAL_CARD	VALENCE_FRACTION_NOT_DOPANT_CLASS_AI12	PLAN_ONLY_PRE_FREEZE	0
ICM-084	OBJ-ICM-084-OXYGEN-VACANCY-CONDITION	composition_charge_balance_atmosphere_and_thermal_history	oxygen_vacancy_state_and_concentration_rank	L2_OPEN	charge_neutrality_rule	macro_F1_and_Spearman_rho	params_le_40k_INT8_weights_le_52KiB	SINTERGRAPH_MATERIAL_CARD	DEFECT_CHEMISTRY_NOT_CR_VALENCE_TARGET	PLAN_ONLY_PRE_FREEZE	0
ICM-085	OBJ-ICM-085-DOPANT-ACTIVATION	nominal_dopant_fraction_host_site_atmosphere_and_phase_quality	optically_active_dopant_fraction	L2_OPEN	nominal_dopant_fraction_as_activation	activation_fraction_MAE_and_rank_correlation	params_le_36k_INT8_weights_le_48KiB	SINTERGRAPH_MATERIAL_CARD	ACTIVATION_EFFICIENCY_NOT_AI12_DOPANT_IDENTITY	PLAN_ONLY_PRE_FREEZE	0
ICM-086	OBJ-ICM-086-SITE-OCCUPANCY-RANKING	host_crystal_sites_dopant_radius_charge_and_coordination	ranked_dopant_site_occupancy	L2_OPEN	ionic_radius_mismatch_rule	NDCG_at_sites_top1_accuracy_and_ECE	params_le_44k_INT8_weights_le_56KiB	SINTERGRAPH_MATERIAL_CARD	SITE_RANKING_NOT_HOST_ID_AI15	PLAN_ONLY_PRE_FREEZE	0
ICM-087	OBJ-ICM-087-NIR-EXCITATION-PEAK	host_dopant_site_and_excitation_spectrum_features	NIR_excitation_peak_wavelength_nm	L2_OPEN	host_family_median_excitation_peak	MAE_nm_and_p95_error_nm	params_le_36k_INT8_weights_le_48KiB	SINTERGRAPH_MATERIAL_CARD	EXCITATION_PEAK_NOT_AI6_OR_AI16_EMISSION_PEAK	PLAN_ONLY_PRE_FREEZE	0
ICM-088	OBJ-ICM-088-NIR-DECAY-TIME	host_dopant_concentration_site_and_temperature	NIR_decay_lifetime_log_microseconds	L2_OPEN	host_dopant_family_median_lifetime	log_lifetime_MAE_and_interval_coverage	params_le_34k_INT8_weights_le_44KiB	SINTERGRAPH_MATERIAL_CARD	TEMPORAL_DECAY_NOT_WAVELENGTH_OR_INTENSITY	PLAN_ONLY_PRE_FREEZE	0
ICM-089	OBJ-ICM-089-IQE-RANKING	composition_process_phase_and_PL_features	internal_quantum_efficiency_rank_and_calibrated_score	L2_OPEN	integrated_PL_intensity_proxy	Spearman_rho_NDCG_at_5_and_ECE	params_le_40k_INT8_weights_le_52KiB	SINTERGRAPH_MATERIAL_CARD	EFFICIENCY_RANK_NOT_PL_ANOMALY_AI13	PLAN_ONLY_PRE_FREEZE	0
ICM-090	OBJ-ICM-090-CIE-CHROMATICITY	normalized_emission_spectrum_and_measurement_geometry	CIE_x_y_coordinates	L2_OPEN	spectral_centroid_linear_map	xy_MAE_and_DeltaE2000	params_le_28k_INT8_weights_le_36KiB	SINTERGRAPH_MATERIAL_CARD	COLOR_COORDINATES_NOT_AI16_PEAK_WAVELENGTH	PLAN_ONLY_PRE_FREEZE	0
ICM-091	OBJ-ICM-091-NIR-INTENSITY-RANK	composition_process_phase_and_measurement_normalization	normalized_NIR_intensity_rank	L2_OPEN	raw_integrated_intensity_without_correction	NDCG_at_5_Spearman_rho_and_pairwise_accuracy	params_le_38k_INT8_weights_le_48KiB	SINTERGRAPH_MATERIAL_CARD	INTENSITY_RANK_NOT_AI6_OR_AI16_WAVELENGTH	PLAN_ONLY_PRE_FREEZE	0
ICM-092	OBJ-ICM-092-THERMAL-QUENCH-KINETICS	multi_temperature_PL_intensity_curve_host_and_dopant	activation_energy_eV_and_kinetic_curve_parameters	L2_OPEN	three_band_AI7_class_centroid	activation_energy_MAE_curve_R2_and_parameter_ECE	params_le_46k_INT8_weights_le_58KiB	SINTERGRAPH_MATERIAL_CARD	CONTINUOUS_KINETICS_NOT_AI7_THREE_BAND_CLASS	PLAN_ONLY_PRE_FREEZE	0
ICM-093	OBJ-ICM-093-OUTGASSING-PHASE	gas_response_temperature_heating_rate_and_precursor_features	outgassing_species_phase_class_and_onset	L2_OPEN	single_MQ_threshold_event	macro_F1_onset_MAE_C_and_species_recall	params_le_38k_INT8_weights_le_48KiB	SINTERGRAPH_MATERIAL_CARD	MATERIAL_RELEASE_PHASE_NOT_GENERIC_GAS_ALARM	PLAN_ONLY_PRE_FREEZE	0
ICM-094	OBJ-ICM-094-MOISTURE-RELEASE	SHT_MQ_temperature_precursor_and_drying_history	moisture_release_onset_C_and_integrated_release	L2_OPEN	humidity_delta_threshold	onset_MAE_C_area_MAPE_and_event_AUPRC	params_le_34k_INT8_weights_le_44KiB	SINTERGRAPH_MATERIAL_CARD	PRECURSOR_RELEASE_KINETICS_NOT_SHT_CONDENSATION	PLAN_ONLY_PRE_FREEZE	0
ICM-095	OBJ-ICM-095-CALCINATION-COMPLETION	thermal_dose_gas_mass_proxy_and_phase_features	calcination_completion_probability_and_time	L2_OPEN	fixed_soak_time_rule	AUROC_Brier_score_and_time_MAE_min	params_le_42k_INT8_weights_le_52KiB	SINTERGRAPH_MATERIAL_CARD	CHEMICAL_CALCINATION_ENDPOINT_NOT_AI19_BATCH_ETA	PLAN_ONLY_PRE_FREEZE	0
ICM-096	OBJ-ICM-096-BATCH-TRANSFER-DRIFT	source_target_batch_recipe_sensor_and_property_vectors	property_drift_vector_and_transfer_risk	L2_OPEN	zero_drift_assumption	multitarget_MAE_MMD_reduction_and_risk_AUROC	params_le_48k_INT8_weights_le_60KiB	SINTERGRAPH_MATERIAL_CARD	CROSS_BATCH_DOMAIN_SHIFT_NOT_SINGLE_BATCH_QC	PLAN_ONLY_PRE_FREEZE	0
ICM-097	OBJ-ICM-097-EXPERIMENTAL-BANDGAP	composition_structure_and_experimental_metadata	experimentally_measured_bandgap_eV	OPEN_COMPUTED_EXPERIMENT_SEPARATED	composition_family_median	MAE_eV_and_calibration_interval_coverage	params_le_52k_INT8_weights_le_64KiB	SEMIMAT_SCREENING	EXPERIMENTAL_LABEL_SEPARATE_FROM_TBM BJ_COMPUTED_ICM101	PLAN_ONLY_PRE_FREEZE	0
ICM-098	OBJ-ICM-098-EXPERIMENTAL-METALLICITY	composition_structure_and_experimental_transport_metadata	experimental_metal_semiconductor_insulator_class	OPEN_COMPUTED_EXPERIMENT_SEPARATED	majority_class_by_material_family	macro_F1_AUROC_and_ECE	params_le_44k_INT8_weights_le_56KiB	SEMIMAT_SCREENING	EXPERIMENTAL_CLASS_NOT_BANDGAP_THRESHOLD_RECOUNT	PLAN_ONLY_PRE_FREEZE	0
ICM-099	OBJ-ICM-099-FORMATION-ENERGY	composition_crystal_graph_and_computational_provenance	formation_energy_eV_per_atom	OPEN_COMPUTED_EXPERIMENT_SEPARATED	chemistry_family_mean	MAE_eV_per_atom_and_rank_Spearman	params_le_64k_INT8_weights_le_80KiB	SEMIMAT_SCREENING	COMPUTED_THERMODYNAMIC_TARGET_NOT_EXPERIMENTAL_SYNTHESIZABILITY	PLAN_ONLY_PRE_FREEZE	0
ICM-100	OBJ-ICM-100-POINT-DEFECT-FORMATION-ENERGY	pristine_structure_defect_type_charge_state_and_chemical_potentials	point_defect_formation_energy_eV	OPEN_COMPUTED_EXPERIMENT_SEPARATED	pristine_formation_energy_plus_defect_constant	MAE_eV_and_defect_rank_NDCG	params_le_70k_INT8_weights_le_88KiB	SEMIMAT_SCREENING	DEFECT_SPECIFIC_ENERGY_NOT_BULK_FORMATION_ENERGY	PLAN_ONLY_PRE_FREEZE	0
ICM-101	OBJ-ICM-101-TBMBJ-BANDGAP	composition_structure_and_TBmBJ_computation_metadata	TBmBJ_computed_bandgap_eV	OPEN_COMPUTED_EXPERIMENT_SEPARATED	linear_correction_from_PBE_gap	MAE_eV_and_rank_Spearman	params_le_60k_INT8_weights_le_72KiB	SEMIMAT_SCREENING	COMPUTED_TBMBJ_LABEL_SEPARATE_FROM_EXPERIMENTAL_ICM097	PLAN_ONLY_PRE_FREEZE	0
ICM-102	OBJ-ICM-102-STATIC-DIELECTRIC	composition_structure_bandgap_density_and_provenance	static_dielectric_constant	OPEN_COMPUTED_EXPERIMENT_SEPARATED	inverse_bandgap_linear_fit	log_MAE_and_relative_MAPE	params_le_58k_INT8_weights_le_72KiB	SEMIMAT_SCREENING	DIELECTRIC_RESPONSE_NOT_OPTICAL_ABSORPTION	PLAN_ONLY_PRE_FREEZE	0
ICM-103	OBJ-ICM-103-OPTICAL-ABSORPTION-ONSET	composition_structure_and_absorption_spectrum_metadata	optical_absorption_onset_eV	OPEN_COMPUTED_EXPERIMENT_SEPARATED	predicted_bandgap_as_onset	MAE_eV_and_p95_error	params_le_54k_INT8_weights_le_68KiB	SEMIMAT_SCREENING	ABSORPTION_ONSET_NOT_PL_EMISSION_AI6_AI16	PLAN_ONLY_PRE_FREEZE	0
ICM-104	OBJ-ICM-104-ELECTRON-EFFECTIVE-MASS	band_edge_features_structure_and_computation_metadata	electron_effective_mass_in_m0	OPEN_COMPUTED_EXPERIMENT_SEPARATED	material_family_median_electron_mass	log_MAE_and_rank_Spearman	params_le_50k_INT8_weights_le_64KiB	SEMIMAT_SCREENING	ELECTRON_CARRIER_TARGET_SEPARATE_FROM_HOLE_MASS	PLAN_ONLY_PRE_FREEZE	0
ICM-105	OBJ-ICM-105-HOLE-EFFECTIVE-MASS	valence_band_features_structure_and_computation_metadata	hole_effective_mass_in_m0	OPEN_COMPUTED_EXPERIMENT_SEPARATED	material_family_median_hole_mass	log_MAE_and_rank_Spearman	params_le_50k_INT8_weights_le_64KiB	SEMIMAT_SCREENING	HOLE_CARRIER_TARGET_SEPARATE_FROM_ELECTRON_MASS	PLAN_ONLY_PRE_FREEZE	0
ICM-106	OBJ-ICM-106-BULK-MODULUS	composition_structure_density_and_elastic_metadata	bulk_modulus_GPa	OPEN_COMPUTED_EXPERIMENT_SEPARATED	density_linear_regression	MAE_GPa_and_relative_MAPE	params_le_48k_INT8_weights_le_60KiB	SEMIMAT_SCREENING	VOLUMETRIC_ELASTICITY_NOT_SHEAR_MODULUS	PLAN_ONLY_PRE_FREEZE	0
ICM-107	OBJ-ICM-107-SHEAR-MODULUS	composition_structure_density_and_elastic_metadata	shear_modulus_GPa	OPEN_COMPUTED_EXPERIMENT_SEPARATED	fixed_Poisson_relation_from_bulk_modulus	MAE_GPa_and_relative_MAPE	params_le_48k_INT8_weights_le_60KiB	SEMIMAT_SCREENING	SHEAR_RESPONSE_NOT_BULK_MODULUS	PLAN_ONLY_PRE_FREEZE	0
ICM-108	OBJ-ICM-108-EXFOLIATION-ENERGY	layered_structure_interlayer_distance_and_computational_metadata	exfoliation_energy_J_per_m2	OPEN_COMPUTED_EXPERIMENT_SEPARATED	layered_material_family_median	MAE_J_per_m2_and_easy_exfoliation_AUROC	params_le_56k_INT8_weights_le_68KiB	SEMIMAT_SCREENING	LAYER_SEPARATION_TARGET_NOT_INTERFACE_ADHESION	PLAN_ONLY_PRE_FREEZE	0
ICM-109	OBJ-ICM-109-CONCENTRATION-QUENCH-KINETICS	dopant_concentration_host_process_and_normalized_PL_series	critical_concentration_and_quenching_rate_parameters	L2_OPEN	piecewise_log_linear_concentration_curve	critical_concentration_MAE_curve_R2_and_rank_correlation	params_le_58k_INT8_weights_le_72KiB	SINTERGRAPH_MATERIAL_CARD	CONCENTRATION_KINETICS_NOT_AI7_THERMAL_CLASS_OR_ICM092_TEMPERATURE_KINETICS	PLAN_ONLY_PRE_FREEZE	0
ICM-110	OBJ-ICM-110-NIR-QUANTUM-YIELD	calibrated_excitation_emission_photon_counts_host_dopant_and_process	absolute_NIR_internal_quantum_yield_and_interval	L2_OPEN	host_family_median_quantum_yield	MAE_percent_Spearman_rho_WIS_and_coverage	params_le_54k_INT8_weights_le_68KiB	SINTERGRAPH_MATERIAL_CARD	ABSOLUTE_QUANTUM_YIELD_NOT_ICM089_RELATIVE_IQE_RANK_OR_AI16_PEAK	PLAN_ONLY_PRE_FREEZE	0
ICM-111	OBJ-ICM-111-NIR-PERSISTENCE-AFTERGLOW	time_resolved_NIR_decay_host_dopant_trap_and_process_features	afterglow_t10_seconds_and_integrated_persistence	L2_OPEN	biexponential_curve_fit	relative_MAE_curve_R2_and_interval_coverage	params_le_52k_INT8_weights_le_64KiB	SINTERGRAPH_MATERIAL_CARD	PERSISTENCE_AFTERGLOW_NOT_ICM088_PROMPT_DECAY_TIME	PLAN_ONLY_PRE_FREEZE	0
ICM-112	OBJ-ICM-112-REACTION-ACTIVATION-ENERGY	multirate_thermal_history_phase_completion_and_composition	activation_energy_kJ_per_mol_with_mechanism_interval	L2_OPEN	Kissinger_linear_fit	MAE_kJ_per_mol_WIS_coverage_and_worst_host_error	params_le_58k_INT8_weights_le_72KiB	SINTERGRAPH_MATERIAL_CARD	REACTION_ACTIVATION_ENERGY_NOT_ICM092_LUMINESCENCE_QUENCH_ENERGY	PLAN_ONLY_PRE_FREEZE	0
ICM-113	OBJ-ICM-113-SURFACE-AREA-EVOLUTION	precursor_surface_area_particle_features_and_thermal_history	BET_surface_area_trajectory_m2_per_g	L2_OPEN	stagewise_exponential_decay	trajectory_RMSE_endpoint_MAE_and_monotonic_violation_rate	params_le_58k_INT8_weights_le_72KiB	SINTERGRAPH_MATERIAL_CARD	POWDER_SURFACE_AREA_NOT_ICM081_GRAIN_SIZE	PLAN_ONLY_PRE_FREEZE	0
ICM-114	OBJ-ICM-114-INTERFACE-ADHESION	two_material_surface_descriptors_orientation_and_interface_metadata	interface_adhesion_energy_J_per_m2	OPEN_COMPUTED_EXPERIMENT_SEPARATED	sum_of_surface_energies	MAE_J_per_m2_and_weak_interface_AUROC	params_le_66k_INT8_weights_le_80KiB	SEMIMAT_SCREENING	BONDED_INTERFACE_TARGET_NOT_EXFOLIATION_OF_SINGLE_LAYERED_SOLID	PLAN_ONLY_PRE_FREEZE	0
ICM-115	OBJ-ICM-115-PHASE-FRACTION-UNCERTAINTY	XRD_pattern_instrument_metadata_candidate_phases_and_quality_flags	calibrated_phase_fraction_vector_and_prediction_interval	L2_OPEN	constrained_Rietveld_point_estimate	fraction_MAE_WIS_joint_coverage_and_sum_to_one_error	params_le_60k_INT8_weights_le_76KiB	SINTERGRAPH_MATERIAL_CARD	UNCERTAINTY_HEAD_NOT_AI11_BINARY_PURITY_OR_PHASE_COMPLETION	PLAN_ONLY_PRE_FREEZE	0
ICM-116	OBJ-ICM-116-PHONON-DYNAMIC-STABILITY	structure_force_constant_proxies_and_computational_metadata	dynamically_stable_or_imaginary_phonon_class	OPEN_COMPUTED_EXPERIMENT_SEPARATED	formation_energy_threshold	AUROC_macro_F1_and_unstable_recall	params_le_62k_INT8_weights_le_76KiB	SEMIMAT_SCREENING	DYNAMIC_STABILITY_NOT_THERMODYNAMIC_FORMATION_ENERGY	PLAN_ONLY_PRE_FREEZE	0
ICM-117	OBJ-ICM-117-SECOM-YIELD	SECOM_wafer_sensor_vector_missingness_mask_and_lot_split	pass_fail_yield_label	OPEN_Q	regularized_logistic_regression	MCC_AUPRC_and_balanced_accuracy	params_le_58k_INT8_weights_le_72KiB	FABQUALITY_METROLOGY	WAFER_YIELD_TASK_NOT_FURNACE_BATCH_QC	PLAN_ONLY_PRE_FREEZE	0
ICM-118	OBJ-ICM-118-FAB-SENSOR-IMPUTATION	masked_fab_sensor_vector_missingness_pattern_and_context	imputed_sensor_values_with_uncertainty	OPEN_Q	per_feature_median_imputation	normalized_RMSE_MAE_and_coverage	params_le_64k_INT8_weights_le_80KiB	FABQUALITY_METROLOGY	MISSING_VALUE_RECONSTRUCTION_NOT_YIELD_CLASSIFICATION	PLAN_ONLY_PRE_FREEZE	0
ICM-119	OBJ-ICM-119-CMP-MRR-VIRTUAL-METROLOGY	CMP_pressure_speed_slurry_time_and_tool_features	material_removal_rate_nm_per_min	OPEN_Q	linear_Preston_equation	MAPE_RMSE_and_interval_coverage	params_le_46k_INT8_weights_le_58KiB	FABQUALITY_METROLOGY	CONTINUOUS_MRR_NOT_CMP_ENDPOINT_TIME	PLAN_ONLY_PRE_FREEZE	0
ICM-120	OBJ-ICM-120-CMP-ENDPOINT	CMP_multisensor_sequence_recipe_and_target_thickness	endpoint_time_s_and_reached_probability	OPEN_Q	fixed_recipe_endpoint_time	time_MAE_s_event_AUPRC_and_early_stop_rate	params_le_56k_INT8_weights_le_68KiB	FABQUALITY_METROLOGY	ENDPOINT_EVENT_NOT_MRR_RATE	PLAN_ONLY_PRE_FREEZE	0
ICM-121	OBJ-ICM-121-IONMILL-FAULT	ion_mill_multisensor_window_command_and_maintenance_context	fault_type_normal_plasma_cooling_power_vacuum	OPEN_Q	fixed_univariate_alarm_thresholds	macro_F1_fault_recall_and_ECE	params_le_52k_INT8_weights_le_64KiB	FABQUALITY_METROLOGY	EQUIPMENT_FAULT_CLASS_NOT_GENERIC_FAB_YIELD	PLAN_ONLY_PRE_FREEZE	0
ICM-122	OBJ-ICM-122-IONMILL-TTF	ion_mill_health_sequence_usage_age_and_fault_history	time_to_failure_hours_and_survival_curve	OPEN_Q	single_Weibull_survival_model	concordance_index_integrated_Brier_and_MAE_hours	params_le_48k_INT8_weights_le_60KiB	FABQUALITY_METROLOGY	SURVIVAL_TARGET_NOT_FAULT_TYPE_CLASS	PLAN_ONLY_PRE_FREEZE	0
ICM-123	OBJ-ICM-123-PVD-FAULT	PVD_pressure_power_flow_temperature_and_rate_sequence	PVD_fault_type_and_probability	OPEN_Q	PCA_reconstruction_error	macro_F1_AUROC_and_fault_recall	params_le_54k_INT8_weights_le_68KiB	FABQUALITY_METROLOGY	PVD_SPECIFIC_FAULT_NOT_IONMILL_FAULT	PLAN_ONLY_PRE_FREEZE	0
ICM-124	OBJ-ICM-124-PVD-DRIFT-TRAJECTORY	PVD_multisensor_history_target_recipe_and_maintenance_events	next_horizon_deposition_rate_and_sensor_drift_vector	OPEN_Q	last_value_persistence	multivariate_RMSE_drift_AUPRC_and_horizon_stability	params_le_62k_INT8_weights_le_76KiB	FABQUALITY_METROLOGY	CONTINUOUS_DRIFT_FORECAST_NOT_PVD_FAULT_CLASS	PLAN_ONLY_PRE_FREEZE	0
ICM-125	OBJ-ICM-125-SEM-DEFECT-CLASS	SEM_defect_crop_scale_and_acquisition_metadata	defect_class_particle_scratch_void_bridge_pattern_other	OPEN_Q	HOG_plus_linear_SVM	macro_F1_rare_class_recall_and_ECE	params_le_76k_INT8_weights_le_92KiB	FABQUALITY_METROLOGY	DEFECT_IDENTITY_NOT_PIXEL_SEGMENTATION	PLAN_ONLY_PRE_FREEZE	0
ICM-126	OBJ-ICM-126-SEM-DEFECT-SEGMENTATION	SEM_image_scale_and_pixelwise_defect_annotation	defect_pixel_mask	OPEN_Q	adaptive_threshold_plus_watershed	mIoU_boundary_F1_and_small_defect_recall	params_le_88k_INT8_weights_le_104KiB	FABQUALITY_METROLOGY	PIXEL_MASK_NOT_DEFECT_CLASS	PLAN_ONLY_PRE_FREEZE	0
ICM-127	OBJ-ICM-127-SEM-CRITICAL-DIMENSION	SEM_line_space_image_pixel_scale_and_reference_metrology	critical_dimension_nm_and_uncertainty	OPEN_Q	edge_threshold_line_fit	MAE_nm_p95_error_and_interval_coverage	params_le_54k_INT8_weights_le_68KiB	FABQUALITY_METROLOGY	DIMENSION_REGRESSION_NOT_DEFECT_DETECTION	PLAN_ONLY_PRE_FREEZE	0
ICM-128	OBJ-ICM-128-SEM-OVERLAY	paired_SEM_layers_alignment_marks_and_pixel_scale	overlay_dx_dy_nm	OPEN_Q	phase_correlation_alignment	vector_MAE_nm_p95_norm_error_and_direction_accuracy	params_le_58k_INT8_weights_le_72KiB	FABQUALITY_METROLOGY	LAYER_REGISTRATION_NOT_CRITICAL_DIMENSION	PLAN_ONLY_PRE_FREEZE	0
ICM-129	OBJ-ICM-129-SEM-IMAGE-QUALITY	SEM_image_acquisition_settings_noise_blur_charging_features	quality_score_and_usable_unusable_flag	OPEN_Q	Fourier_sharpness_threshold	Spearman_rho_AUROC_and_false_reject_rate	params_le_32k_INT8_weights_le_42KiB	FABQUALITY_METROLOGY	INPUT_QUALITY_GATE_NOT_DEFECT_LABEL	PLAN_ONLY_PRE_FREEZE	0
ICM-130	OBJ-ICM-130-EUV-SCATTEROMETRY-INVERSE	scatterometry_curve_wavelength_angle_and_profile_prior	line_width_sidewall_angle_and_height_profile	OPEN_Q	nearest_LUT_profile	normalized_RMSE_parameter_MAE_and_profile_chi_square	params_le_86k_INT8_weights_le_104KiB	FABQUALITY_METROLOGY	INVERSE_PROFILE_METROLOGY_NOT_SEM_IMAGE_TASK	PLAN_ONLY_PRE_FREEZE	0
ICM-131	OBJ-ICM-131-CURE-KINETICS	DSC_or_temperature_time_resin_composition_and_catalyst_features	degree_of_cure_curve_and_kinetic_parameters	OPEN_Q_L2	Kamal_Sourour_fit	curve_RMSE_parameter_MAE_and_final_conversion_error	params_le_52k_INT8_weights_le_64KiB	PACKMAT_RELIABILITY	CURE_REACTION_MODEL_NOT_GELPOINT_ONLY	PLAN_ONLY_PRE_FREEZE	0
ICM-132	OBJ-ICM-132-GELPOINT-RHEOLOGY	viscosity_frequency_temperature_and_cure_history	gel_point_time_temperature_and_conversion	OPEN_Q_L2	fixed_viscosity_threshold	time_MAE_temperature_MAE_and_gel_event_F1	params_le_42k_INT8_weights_le_52KiB	PACKMAT_RELIABILITY	GEL_TRANSITION_NOT_FULL_CURE_KINETICS	PLAN_ONLY_PRE_FREEZE	0
ICM-133	OBJ-ICM-133-RESIDUAL-STRESS-TRAJECTORY	cure_temperature_modulus_CTE_geometry_and_time	residual_stress_trajectory_MPa	OPEN_Q_L2	linear_thermoelastic_model	trajectory_RMSE_MPa_peak_MAE_and_interval_coverage	params_le_56k_INT8_weights_le_68KiB	PACKMAT_RELIABILITY	STRESS_EVOLUTION_NOT_PACKAGE_WARPAGE	PLAN_ONLY_PRE_FREEZE	0
ICM-134	OBJ-ICM-134-FTIR-CURE-STATE	FTIR_spectrum_resin_family_temperature_and_reference_peaks	degree_of_cure_and_under_nominal_overcured_class	OPEN_Q_L2	single_peak_area_ratio	conversion_MAE_macro_F1_and_ECE	params_le_46k_INT8_weights_le_58KiB	PACKMAT_RELIABILITY	SPECTROSCOPIC_CURE_STATE_NOT_PL_AI6_AI16	PLAN_ONLY_PRE_FREEZE	0
ICM-135	OBJ-ICM-135-HYBRID-BOND-AFM-ROUGHNESS	AFM_height_map_scan_scale_and_plane_metadata	Ra_Rq_and_peak_density	OPEN_Q_L2	plane_detrend_plus_RMS	Ra_MAE_nm_Rq_MAE_nm_and_peak_density_MAPE	params_le_62k_INT8_weights_le_76KiB	PACKMAT_RELIABILITY	SURFACE_TOPOGRAPHY_NOT_BOND_STRENGTH	PLAN_ONLY_PRE_FREEZE	0
ICM-136	OBJ-ICM-136-SOLDER-JOINT-QUALITY	optical_or_Xray_joint_ROI_geometry_and_process_metadata	solder_joint_quality_good_insufficient_bridge_crack_void	OPEN_Q_L2	handcrafted_geometry_thresholds	macro_F1_void_recall_and_ECE	params_le_72k_INT8_weights_le_88KiB	PACKMAT_RELIABILITY	JOINT_CLASS_NOT_XRAY_VOID_MASK	PLAN_ONLY_PRE_FREEZE	0
ICM-137	OBJ-ICM-137-XRAY-VOID-SEGMENTATION	Xray_joint_image_pixel_scale_and_void_masks	void_pixel_mask_and_area_percent	OPEN_Q_L2	intensity_threshold_morphology	mIoU_void_area_MAE_and_small_void_recall	params_le_84k_INT8_weights_le_100KiB	PACKMAT_RELIABILITY	PIXEL_VOID_TARGET_NOT_SOLDER_QUALITY_CLASS	PLAN_ONLY_PRE_FREEZE	0
ICM-138	OBJ-ICM-138-DELAMINATION-RISK	material_stack_cure_moisture_thermal_cycle_and_interface_features	delamination_probability_and_location_class	OPEN_Q_L2	fixed_moisture_CTE_threshold_rule	AUROC_Brier_score_location_macro_F1_and_ECE	params_le_52k_INT8_weights_le_64KiB	PACKMAT_RELIABILITY	INTERFACE_FAILURE_RISK_NOT_WARPAGE_MAGNITUDE	PLAN_ONLY_PRE_FREEZE	0
ICM-139	OBJ-ICM-139-WARPAGE-TRAJECTORY	package_stack_geometry_CTE_modulus_temperature_and_time	warpage_curve_um_vs_temperature	OPEN_Q_L2	linear_CTE_mismatch_model	trajectory_RMSE_um_peak_MAE_and_sign_accuracy	params_le_58k_INT8_weights_le_72KiB	PACKMAT_RELIABILITY	GEOMETRIC_WARPAGE_NOT_RESIDUAL_STRESS_TARGET	PLAN_ONLY_PRE_FREEZE	0
ICM-140	OBJ-ICM-140-THERMAL-INTERFACE-RESISTANCE	TIM_thickness_conductivity_pressure_void_fraction_and_temperature	thermal_interface_resistance_K_per_W	OPEN_Q_L2	thickness_over_bulk_conductivity	MAPE_MAE_K_per_W_and_interval_coverage	params_le_44k_INT8_weights_le_56KiB	PACKMAT_RELIABILITY	INTERFACE_RESISTANCE_NOT_PACKAGE_HOTSPOT_MAP	PLAN_ONLY_PRE_FREEZE	0
ICM-141	OBJ-ICM-141-BOND-STRENGTH	surface_roughness_oxide_cleaning_pressure_temperature_and_material_pair	bond_strength_MPa	OPEN_Q_L2	linear_roughness_oxide_regression	MAE_MPa_weak_bond_AUPRC_and_ECE	params_le_50k_INT8_weights_le_64KiB	PACKMAT_RELIABILITY	MECHANICAL_STRENGTH_NOT_AFM_ROUGHNESS_MEASUREMENT	PLAN_ONLY_PRE_FREEZE	0
ICM-142	OBJ-ICM-142-PACKAGE-THERMAL-HOTSPOT	package_power_map_geometry_material_stack_and_boundary_conditions	package_temperature_field_and_hotspot_xy	OPEN_Q_L2	lumped_RC_network	field_RMSE_C_hotspot_FDE_px_and_peak_MAE_C	params_le_82k_INT8_weights_le_100KiB	PACKMAT_RELIABILITY	PACKAGE_FIELD_NOT_FURNACE_AI14_OR_ICM034	PLAN_ONLY_PRE_FREEZE	0
ICM-143	OBJ-ICM-143-PHOSCORE-GROUNDED-QA	phosphor_RAG_evidence_composition_process_property_cards_and_question	cited_phosphor_process_structure_property_answer_with_uncertainty	LICENSED_CORPUS_REQUIRED	retrieval_only_top_passage_extract	grounded_claim_F1_citation_precision_numeric_consistency_and_refusal_F1	params_le_1800k_W8_weights_le_1800KiB	DOMAIN_QA	FOUNDATION_PHOSPHOR_QA_NOT_EXPERT_ROLE_PROMPT_OR_AI6_AI16	PLAN_ONLY_PRE_FREEZE	0
ICM-144	OBJ-ICM-144-FURNACE-EVIDENCE-QA	live_sensor_EvidenceCards_log_events_recipe_state_and_question	cited_furnace_evidence_summary_without_control_command	LICENSED_CORPUS_REQUIRED	E5_operator_brief_LM	critical_evidence_recall_unsupported_claim_rate_numeric_consistency_and_refusal_F1	params_le_1800k_W8_weights_le_1800KiB	DOMAIN_QA	EVIDENCE_NARRATION_NOT_CONTROL_POLICY_OR_AI14	PLAN_ONLY_PRE_FREEZE	0
ICM-145	OBJ-ICM-145-SEMIMAT-GROUNDED-QA	semiconductor_material_RAG_property_cards_source_state_and_question	cited_material_screening_answer_separating_experimental_and_computed_claims	LICENSED_CORPUS_REQUIRED	generic_flagship_nanoLM_without_domain_SFT	source_state_accuracy_grounded_claim_F1_citation_precision_and_refusal_F1	params_le_1800k_W8_weights_le_1800KiB	DOMAIN_QA	SEMIMAT_FOUNDATION_NOT_INDIVIDUAL_PROPERTY_REGRESSOR	PLAN_ONLY_PRE_FREEZE	0
ICM-146	OBJ-ICM-146-METROLOGY-GROUNDED-QA	metrology_RAG_measurement_context_quality_flags_and_question	cited_measurement_interpretation_with_units_and_limits	LICENSED_CORPUS_REQUIRED	keyword_retrieval_plus_template	claim_entailment_F1_unit_accuracy_citation_precision_and_refusal_F1	params_le_1600k_W8_weights_le_1600KiB	DOMAIN_QA	METROLOGY_QA_NOT_SEM_PIXEL_MODEL	PLAN_ONLY_PRE_FREEZE	0
ICM-147	OBJ-ICM-147-PACKMAT-GROUNDED-QA	packaging_material_RAG_stack_reliability_evidence_and_question	cited_packaging_material_reliability_answer	LICENSED_CORPUS_REQUIRED	generic_flagship_nanoLM_without_packaging_SFT	grounded_claim_F1_constraint_accuracy_citation_precision_and_refusal_F1	params_le_1600k_W8_weights_le_1600KiB	DOMAIN_QA	PACKAGING_FOUNDATION_NOT_SINGLE_RELIABILITY_REGRESSOR	PLAN_ONLY_PRE_FREEZE	0
ICM-148	OBJ-ICM-148-FABQUALITY-GROUNDED-QA	fab_quality_RAG_virtual_metrology_yield_evidence_and_question	cited_fab_quality_answer_with_dataset_scope	LICENSED_CORPUS_REQUIRED	E4_batch_QC_LM	scope_accuracy_grounded_claim_F1_citation_precision_and_refusal_F1	params_le_1600k_W8_weights_le_1600KiB	DOMAIN_QA	FAB_QA_NOT_SECOM_YIELD_CLASSIFIER	PLAN_ONLY_PRE_FREEZE	0
ICM-149	OBJ-ICM-149-PHASE-EVOLUTION-EXPERT	phase_evolution_RAG_recipe_XRD_evidence_and_query	cited_phase_sequence_mechanism_answer	LICENSED_CORPUS_REQUIRED	E6_formula_chemistry_LM	phase_order_accuracy_grounded_claim_F1_and_citation_precision	params_le_1200k_W8_weights_le_1200KiB	DOMAIN_EXPERT_QA	MECHANISM_EXPLANATION_NOT_AI11_PURITY_OR_ICM075_RANKER	PLAN_ONLY_PRE_FREEZE	0
ICM-150	OBJ-ICM-150-DOPANT-SITE-EXPERT	dopant_site_RAG_host_coordination_and_site_rank_evidence	cited_dopant_site_occupancy_explanation	LICENSED_CORPUS_REQUIRED	ionic_radius_rule_template	site_claim_accuracy_grounded_claim_F1_and_refusal_F1	params_le_1200k_W8_weights_le_1200KiB	DOMAIN_EXPERT_QA	EXPLAINS_SITE_EVIDENCE_NOT_AI12_DOPANT_CLASS_OR_ICM086_RANK	PLAN_ONLY_PRE_FREEZE	0
ICM-151	OBJ-ICM-151-ATMOSPHERE-DEFECT-EXPERT	atmosphere_defect_RAG_gas_valence_vacancy_EvidenceCards	cited_atmosphere_to_defect_mechanism_answer	LICENSED_CORPUS_REQUIRED	fixed_oxidizing_reducing_rule_template	causal_edge_accuracy_grounded_claim_F1_and_citation_precision	params_le_1200k_W8_weights_le_1200KiB	DOMAIN_EXPERT_QA	MECHANISM_QA_NOT_ICM083_OR_ICM084_NUMERIC_HEAD	PLAN_ONLY_PRE_FREEZE	0
ICM-152	OBJ-ICM-152-NIR-ENERGY-TRANSFER-EXPERT	NIR_energy_transfer_RAG_host_dopant_spectra_and_decay_evidence	cited_energy_transfer_pathway_answer	LICENSED_CORPUS_REQUIRED	spectral_overlap_template	pathway_accuracy_grounded_claim_F1_and_citation_precision	params_le_1200k_W8_weights_le_1200KiB	DOMAIN_EXPERT_QA	ENERGY_TRANSFER_REASONING_NOT_AI6_AI16_PEAK_REGRESSION	PLAN_ONLY_PRE_FREEZE	0
ICM-153	OBJ-ICM-153-THERMAL-QUENCH-EXPERT	thermal_quench_RAG_temperature_PL_curves_and_kinetic_EvidenceCards	cited_quenching_mechanism_and_kinetic_interpretation	LICENSED_CORPUS_REQUIRED	AI7_band_label_plus_static_template	mechanism_accuracy_parameter_consistency_grounded_claim_F1_and_refusal_F1	params_le_1200k_W8_weights_le_1200KiB	DOMAIN_EXPERT_QA	EXPLAINS_EVIDENCE_NOT_AI7_CLASS_OR_ICM092_KINETIC_REGRESSION	PLAN_ONLY_PRE_FREEZE	0
ICM-154	OBJ-ICM-154-SINTERING-KINETICS-EXPERT	sintering_RAG_density_shrinkage_grain_and_schedule_evidence	cited_sintering_stage_and_rate_limitation_answer	LICENSED_CORPUS_REQUIRED	master_sintering_curve_template	stage_accuracy_numeric_consistency_grounded_claim_F1_and_citation_precision	params_le_1200k_W8_weights_le_1200KiB	DOMAIN_EXPERT_QA	KINETIC_EXPLANATION_NOT_ICM079_080_081_PREDICTORS	PLAN_ONLY_PRE_FREEZE	0
ICM-155	OBJ-ICM-155-PRECURSOR-IMPURITY-EXPERT	precursor_impurity_RAG_purity_supplier_and_batch_evidence	cited_impurity_effect_and_mitigation_hypothesis	LICENSED_CORPUS_REQUIRED	purity_threshold_lookup	impurity_effect_accuracy_grounded_claim_F1_and_refusal_F1	params_le_1200k_W8_weights_le_1200KiB	DOMAIN_EXPERT_QA	IMPURITY_QA_NOT_PRECURSOR_COMPATIBILITY_SCORE	PLAN_ONLY_PRE_FREEZE	0
ICM-156	OBJ-ICM-156-HOST-TRANSFER-EXPERT	source_host_target_host_RAG_site_and_property_evidence	cited_transferability_limits_and_expected_shift	LICENSED_CORPUS_REQUIRED	nearest_host_template	transfer_constraint_accuracy_grounded_claim_F1_and_uncertainty_calibration	params_le_1200k_W8_weights_le_1200KiB	DOMAIN_EXPERT_QA	HOST_TRANSFER_REASONING_NOT_AI15_HOST_ID	PLAN_ONLY_PRE_FREEZE	0
ICM-157	OBJ-ICM-157-XRD-EVIDENCE-EXPERT	XRD_peaks_phase_cards_instrument_metadata_and_RAG	cited_phase_evidence_interpretation_with_ambiguity	LICENSED_CORPUS_REQUIRED	top_peak_lookup_template	phase_claim_entailment_peak_numeric_accuracy_and_refusal_F1	params_le_1200k_W8_weights_le_1200KiB	DOMAIN_EXPERT_QA	XRD_INTERPRETATION_NOT_AI11_PURITY_BINARY	PLAN_ONLY_PRE_FREEZE	0
ICM-158	OBJ-ICM-158-PL-EVIDENCE-EXPERT	PL_spectrum_peak_FWHM_decay_measurement_metadata_and_RAG	cited_PL_evidence_interpretation_with_normalization_limits	LICENSED_CORPUS_REQUIRED	AI6_AI16_scalar_outputs_plus_template	spectral_claim_entailment_numeric_accuracy_and_refusal_F1	params_le_1200k_W8_weights_le_1200KiB	DOMAIN_EXPERT_QA	PL_INTERPRETATION_NOT_AI6_OR_AI16_PREDICTION	PLAN_ONLY_PRE_FREEZE	0
ICM-159	OBJ-ICM-159-SEMEDS-MICROSTRUCTURE-EXPERT	SEM_EDS_morphology_composition_maps_scale_and_RAG	cited_microstructure_composition_interpretation	LICENSED_CORPUS_REQUIRED	keyword_caption_extract	morphology_claim_F1_element_consistency_citation_precision_and_refusal_F1	params_le_1200k_W8_weights_le_1200KiB	DOMAIN_EXPERT_QA	MULTIMODAL_INTERPRETATION_NOT_SEM_DEFECT_CNN	PLAN_ONLY_PRE_FREEZE	0
ICM-160	OBJ-ICM-160-MULTIMODAL-CONFLICT-EXPERT	XRD_PL_SEM_EDS_thermal_EvidenceCards_with_provenance	cited_conflict_explanation_and_unresolved_claim_list	LICENSED_CORPUS_REQUIRED	fixed_source_priority_order	conflict_recall_grounded_claim_F1_and_false_resolution_rate	params_le_1200k_W8_weights_le_1200KiB	DOMAIN_EXPERT_QA	CONFLICT_EXPLANATION_NOT_DISAGREEMENT_ARBITER_SCORE	PLAN_ONLY_PRE_FREEZE	0
ICM-161	OBJ-ICM-161-DEFECT-DOPING-EXPERT	defect_doping_RAG_charge_state_formation_energy_and_property_evidence	cited_defect_doping_mechanism_answer	LICENSED_CORPUS_REQUIRED	charge_neutrality_template	charge_balance_accuracy_grounded_claim_F1_and_citation_precision	params_le_1200k_W8_weights_le_1200KiB	DOMAIN_EXPERT_QA	DEFECT_DOPING_QA_NOT_ICM100_ENERGY_REGRESSION	PLAN_ONLY_PRE_FREEZE	0
ICM-162	OBJ-ICM-162-THINFILM-INTERFACE-EXPERT	thin_film_interface_RAG_adhesion_stress_and_process_evidence	cited_interface_failure_or_stability_explanation	LICENSED_CORPUS_REQUIRED	surface_energy_template	interface_claim_accuracy_grounded_claim_F1_and_refusal_F1	params_le_1200k_W8_weights_le_1200KiB	DOMAIN_EXPERT_QA	THINFILM_REASONING_NOT_ICM114_ADHESION_REGRESSION	PLAN_ONLY_PRE_FREEZE	0
ICM-163	OBJ-ICM-163-DIELECTRIC-THERMAL-EXPERT	dielectric_RAG_permittivity_loss_temperature_and_reliability_evidence	cited_dielectric_thermal_tradeoff_answer	LICENSED_CORPUS_REQUIRED	inverse_bandgap_template	tradeoff_claim_accuracy_numeric_consistency_and_grounded_claim_F1	params_le_1200k_W8_weights_le_1200KiB	DOMAIN_EXPERT_QA	TRADEOFF_QA_NOT_ICM102_DIELECTRIC_REGRESSION	PLAN_ONLY_PRE_FREEZE	0
ICM-164	OBJ-ICM-164-OPTOELECTRONIC-INTEGRATION-EXPERT	phosphor_semiconductor_package_RAG_and_interface_constraints	cited_optoelectronic_integration_compatibility_answer	LICENSED_CORPUS_REQUIRED	independent_domain_answers_without_cross_domain_model	cross_domain_constraint_recall_grounded_claim_F1_and_refusal_F1	params_le_1200k_W8_weights_le_1200KiB	DOMAIN_EXPERT_QA	INTEGRATION_REASONING_NOT_SINGLE_DOMAIN_PREDICTOR	PLAN_ONLY_PRE_FREEZE	0
ICM-165	OBJ-ICM-165-CURE-RHEOLOGY-EXPERT	cure_rheology_RAG_DSC_FTIR_viscosity_and_process_evidence	cited_cure_window_and_rheology_interpretation	LICENSED_CORPUS_REQUIRED	Kamal_and_viscosity_threshold_template	window_constraint_accuracy_grounded_claim_F1_and_citation_precision	params_le_1200k_W8_weights_le_1200KiB	DOMAIN_EXPERT_QA	CURE_QA_NOT_ICM131_132_134_NUMERIC_HEADS	PLAN_ONLY_PRE_FREEZE	0
ICM-166	OBJ-ICM-166-INTERCONNECT-METALLURGY-EXPERT	interconnect_metallurgy_RAG_phase_diffusion_joint_and_cycle_evidence	cited_interconnect_failure_mechanism_answer	LICENSED_CORPUS_REQUIRED	alloy_lookup_template	mechanism_accuracy_grounded_claim_F1_and_refusal_F1	params_le_1200k_W8_weights_le_1200KiB	DOMAIN_EXPERT_QA	METALLURGY_QA_NOT_SOLDER_IMAGE_CLASSIFIER	PLAN_ONLY_PRE_FREEZE	0
ICM-167	OBJ-ICM-167-WARPAGE-RELIABILITY-EXPERT	package_stack_warpage_stress_delamination_and_RAG	cited_warpage_to_reliability_chain_answer	LICENSED_CORPUS_REQUIRED	linear_CTE_mismatch_template	causal_chain_accuracy_numeric_consistency_and_grounded_claim_F1	params_le_1200k_W8_weights_le_1200KiB	DOMAIN_EXPERT_QA	WARPAGE_QA_NOT_ICM139_TRAJECTORY_REGRESSION	PLAN_ONLY_PRE_FREEZE	0
ICM-168	OBJ-ICM-168-VIRTUAL-METROLOGY-YIELD-EXPERT	fab_sensor_virtual_metrology_yield_RAG_and_model_EvidenceCards	cited_virtual_metrology_and_yield_interpretation	LICENSED_CORPUS_REQUIRED	E4_batch_QC_LM	scope_accuracy_model_evidence_coverage_grounded_claim_F1_and_refusal_F1	params_le_1200k_W8_weights_le_1200KiB	DOMAIN_EXPERT_QA	FAB_VM_REASONING_NOT_ICM117_YIELD_OR_ICM119_MRR	PLAN_ONLY_PRE_FREEZE	0
ICM-169	OBJ-ICM-169-HYPOTHESIS-COMPOSER	selected_evidence_graph_unresolved_claims_and_domain_expert_outputs	ranked_testable_hypotheses_with_assumptions_and_falsifiers	LICENSED_CORPUS_REQUIRED	single_root_cause_template	hypothesis_coverage_testability_score_grounded_claim_F1_and_unsupported_rate	params_le_800k_W8_weights_le_800KiB	OFFLINE_DEEP_ANALYSIS	GENERATES_HYPOTHESES_NOT_ROOT_CAUSE_CLASSIFIER_AI5	PLAN_ONLY_PRE_FREEZE	0
ICM-170	OBJ-ICM-170-COUNTER-HYPOTHESIS	primary_hypothesis_evidence_graph_and_known_conflicts	strongest_grounded_counter_hypothesis_and_discriminating_evidence	LICENSED_CORPUS_REQUIRED	negate_primary_hypothesis_template	counterevidence_recall_grounded_claim_F1_and_novelty_without_contradiction	params_le_800k_W8_weights_le_800KiB	OFFLINE_DEEP_ANALYSIS	ADVERSARIAL_SECOND_VIEW_NOT_DUPLICATE_EXPERT	PLAN_ONLY_PRE_FREEZE	0
ICM-171	OBJ-ICM-171-NEXT-EVIDENCE-PLANNER	hypothesis_set_missing_edges_sensor_availability_and_test_costs	ranked_next_measurements_with_expected_information_gain	LICENSED_CORPUS_REQUIRED	fixed_missing_field_order	top_k_expert_agreement_expected_gain_regret_and_safety_constraint_accuracy	params_le_800k_W8_weights_le_800KiB	OFFLINE_DEEP_ANALYSIS	RECOMMENDS_OBSERVATION_ONLY_NO_ACTUATOR_OR_RECIPE_AUTHORITY	PLAN_ONLY_PRE_FREEZE	0
ICM-172	OBJ-ICM-172-GROUNDED-SYNTHESIS	hypotheses_counterhypothesis_retrieved_evidence_and_provenance_risks	final_cited_synthesis_with_resolved_unresolved_and_refused_claims	LICENSED_CORPUS_REQUIRED	concatenate_expert_summaries	grounded_claim_F1_contradiction_rate_citation_precision_numeric_consistency_and_refusal_F1	params_le_800k_W8_weights_le_800KiB	OFFLINE_DEEP_ANALYSIS	FINAL_SYNTHESIS_NOT_THIRD_GENERATION_CALL_OR_HIDDEN_ROUTER	PLAN_ONLY_PRE_FREEZE	0
ICM-173	OBJ-ICM-173-EXPERT-SELECTION	user_query_domain_features_and_available_model_capabilities	recommended_expert_ID_distribution	LICENSED_CORPUS_REQUIRED	deterministic_keyword_router	top1_accuracy_MRR_and_ECE	params_le_42k_INT8_weights_le_52KiB	ICMAT_COUNCIL_RAG	ADVISORY_SELECTION_ONLY_HUMAN_OR_EXPLICIT_TASK_RETAINS_AUTHORITY	PLAN_ONLY_PRE_FREEZE	0
ICM-174	OBJ-ICM-174-EVIDENCE-SUFFICIENCY	claim_required_fields_retrieved_evidence_provenance_and_coverage	evidence_sufficient_insufficient_probability	LICENSED_CORPUS_REQUIRED	citation_count_threshold	AUROC_Brier_score_and_insufficient_recall	params_le_34k_INT8_weights_le_44KiB	ICMAT_COUNCIL_RAG	SUFFICIENCY_SCORE_NOT_CLAIM_TRUTH_OR_ANSWER_QUALITY	PLAN_ONLY_PRE_FREEZE	0
ICM-175	OBJ-ICM-175-DISAGREEMENT-ARBITRATION	expert_claims_confidences_provenance_and_pairwise_NLI	supported_side_or_abstain_distribution	LICENSED_CORPUS_REQUIRED	majority_vote	macro_F1_abstain_recall_and_decision_regret	params_le_40k_INT8_weights_le_52KiB	ICMAT_COUNCIL_RAG	ARBITRATION_SCORE_NOT_MULTIMODAL_CONFLICT_TEXT_GENERATION	PLAN_ONLY_PRE_FREEZE	0
ICM-176	OBJ-ICM-176-REFUSAL-RISK	query_retrieval_coverage_OOD_NLI_and_numeric_flags	should_refuse_probability	LICENSED_CORPUS_REQUIRED	fixed_OOD_or_no_citation_rule	AUROC_unsafe_answer_FNR_and_ECE	params_le_30k_INT8_weights_le_40KiB	ICMAT_COUNCIL_RAG	REFUSAL_GATE_HAS_NO_DOMAIN_ANSWER_GENERATION	PLAN_ONLY_PRE_FREEZE	0
ICM-177	OBJ-ICM-177-CLAIM-SPAN-TAGGING	candidate_answer_tokens_and_sentence_boundaries	BIO_claim_spans_for_atomic_verification	LICENSED_CORPUS_REQUIRED	sentence_split_regex	span_F1_exact_claim_recall_and_boundary_error	params_le_44k_INT8_weights_le_56KiB	ICMAT_COUNCIL_RAG	SPAN_EXTRACTION_NOT_CLAIM_ENTAILMENT	PLAN_ONLY_PRE_FREEZE	0
ICM-178	OBJ-ICM-178-PROVENANCE-RISK	source_license_date_truth_class_and_claim_link_features	provenance_risk_low_medium_high_and_reason_code	LICENSED_CORPUS_REQUIRED	source_whitelist_rule	macro_F1_high_risk_recall_and_ECE	params_le_32k_INT8_weights_le_42KiB	ICMAT_COUNCIL_RAG	SOURCE_RISK_NOT_DOMAIN_OOD_OR_CLAIM_NLI	PLAN_ONLY_PRE_FREEZE	0
ICM-179	OBJ-ICM-179-ANSWER-QUALITY-ESTIMATION	answer_claims_NLI_citations_numeric_checks_and_refusal_context	answer_quality_score_0_to_1	LICENSED_CORPUS_REQUIRED	length_plus_citation_count_linear_score	Spearman_rho_MAE_and_bad_answer_AUPRC	params_le_38k_INT8_weights_le_48KiB	ICMAT_COUNCIL_RAG	HOLISTIC_POSTHOC_SCORE_NOT_EVIDENCE_SUFFICIENCY	PLAN_ONLY_PRE_FREEZE	0
ICM-180	OBJ-ICM-180-EVIDENCE-GAIN-REGRESSION	current_evidence_graph_candidate_measurement_cost_and_uncertainty	expected_uncertainty_reduction_per_candidate_evidence	LICENSED_CORPUS_REQUIRED	uncovered_field_count_heuristic	gain_MAE_Spearman_rho_and_top3_regret	params_le_40k_INT8_weights_le_52KiB	ICMAT_COUNCIL_RAG	LEARNED_INFORMATION_GAIN_NOT_NEXT_EVIDENCE_TEXT_GENERATOR	PLAN_ONLY_PRE_FREEZE	0
ICM-181	OBJ-ICM-181-PHOSPHOR-QUERY-ENCODING	phosphor_query_and_licensed_phosphor_passages	embedding_for_phosphor_relevance	LICENSED_CORPUS_REQUIRED	BM25_phosphor_namespace	Recall_at_10_MRR_at_10_and_NDCG_at_10	params_le_64k_INT8_weights_le_80KiB	ICMAT_COUNCIL_RAG	PHOSPHOR_NAMESPACE_ONLY_NOT_GENERAL_ROUTER	PLAN_ONLY_PRE_FREEZE	0
ICM-182	OBJ-ICM-182-FURNACE-QUERY-ENCODING	furnace_query_and_licensed_furnace_evidence_passages	embedding_for_furnace_relevance	LICENSED_CORPUS_REQUIRED	BM25_furnace_namespace	Recall_at_10_MRR_at_10_and_NDCG_at_10	params_le_64k_INT8_weights_le_80KiB	ICMAT_COUNCIL_RAG	FURNACE_NAMESPACE_ONLY_NOT_PHOSPHOR_ENCODER_COPY	PLAN_ONLY_PRE_FREEZE	0
ICM-183	OBJ-ICM-183-SEMIMAT-QUERY-ENCODING	semiconductor_material_query_and_licensed_property_passages	embedding_for_semimat_relevance	LICENSED_CORPUS_REQUIRED	BM25_semimat_namespace	Recall_at_10_MRR_at_10_and_NDCG_at_10	params_le_68k_INT8_weights_le_84KiB	ICMAT_COUNCIL_RAG	SEMIMAT_NAMESPACE_EXPERIMENT_COMPUTATION_SEPARATED	PLAN_ONLY_PRE_FREEZE	0
ICM-184	OBJ-ICM-184-METROLOGY-QUERY-ENCODING	metrology_query_and_licensed_measurement_passages	embedding_for_metrology_relevance	LICENSED_CORPUS_REQUIRED	BM25_metrology_namespace	Recall_at_10_MRR_at_10_and_NDCG_at_10	params_le_64k_INT8_weights_le_80KiB	ICMAT_COUNCIL_RAG	METROLOGY_NAMESPACE_WITH_UNIT_TERMS_NOT_IMAGE_MODEL	PLAN_ONLY_PRE_FREEZE	0
ICM-185	OBJ-ICM-185-PACKAGING-QUERY-ENCODING	packaging_query_and_licensed_reliability_passages	embedding_for_packaging_relevance	LICENSED_CORPUS_REQUIRED	BM25_packaging_namespace	Recall_at_10_MRR_at_10_and_NDCG_at_10	params_le_64k_INT8_weights_le_80KiB	ICMAT_COUNCIL_RAG	PACKAGING_NAMESPACE_NOT_SEMIMAT_ENCODER_COPY	PLAN_ONLY_PRE_FREEZE	0
ICM-186	OBJ-ICM-186-FABQUALITY-QUERY-ENCODING	fab_quality_query_and_licensed_process_passages	embedding_for_fab_quality_relevance	LICENSED_CORPUS_REQUIRED	BM25_fab_quality_namespace	Recall_at_10_MRR_at_10_and_NDCG_at_10	params_le_64k_INT8_weights_le_80KiB	ICMAT_COUNCIL_RAG	FABQUALITY_NAMESPACE_NOT_FURNACE_PROCESS_ENCODER	PLAN_ONLY_PRE_FREEZE	0
ICM-187	OBJ-ICM-187-PHOSPHOR-RERANKING	phosphor_query_top50_candidates_and_cross_features	phosphor_passage_relevance_score	LICENSED_CORPUS_REQUIRED	ICM181_encoder_similarity_rank	NDCG_at_10_MRR_at_10_and_pairwise_accuracy	params_le_52k_INT8_weights_le_64KiB	ICMAT_COUNCIL_RAG	CROSS_ENCODER_RERANKS_PHOSPHOR_ONLY_NOT_QUERY_ENCODER	PLAN_ONLY_PRE_FREEZE	0
ICM-188	OBJ-ICM-188-FURNACE-RERANKING	furnace_query_top50_candidates_and_sensor_term_features	furnace_evidence_relevance_score	LICENSED_CORPUS_REQUIRED	ICM182_encoder_similarity_rank	NDCG_at_10_MRR_at_10_and_critical_evidence_recall	params_le_52k_INT8_weights_le_64KiB	ICMAT_COUNCIL_RAG	FURNACE_RERANKER_DISTINCT_FROM_PHOSPHOR_RERANKER	PLAN_ONLY_PRE_FREEZE	0
ICM-189	OBJ-ICM-189-SEMIMAT-RERANKING	semimat_query_top50_candidates_source_state_and_property_features	semimat_passage_relevance_score	LICENSED_CORPUS_REQUIRED	ICM183_encoder_similarity_rank	NDCG_at_10_MRR_at_10_and_experimental_computed_filter_accuracy	params_le_56k_INT8_weights_le_68KiB	ICMAT_COUNCIL_RAG	SEMIMAT_RERANKER_ENFORCES_SOURCE_STATE	PLAN_ONLY_PRE_FREEZE	0
ICM-190	OBJ-ICM-190-METROLOGY-RERANKING	metrology_query_top50_candidates_unit_method_and_quality_features	metrology_passage_relevance_score	LICENSED_CORPUS_REQUIRED	ICM184_encoder_similarity_rank	NDCG_at_10_MRR_at_10_and_method_match_accuracy	params_le_52k_INT8_weights_le_64KiB	ICMAT_COUNCIL_RAG	METROLOGY_RERANKER_USES_METHOD_AND_UNIT_CONTEXT	PLAN_ONLY_PRE_FREEZE	0
ICM-191	OBJ-ICM-191-PACKAGING-RERANKING	packaging_query_top50_candidates_stack_failure_and_condition_features	packaging_passage_relevance_score	LICENSED_CORPUS_REQUIRED	ICM185_encoder_similarity_rank	NDCG_at_10_MRR_at_10_and_condition_match_accuracy	params_le_52k_INT8_weights_le_64KiB	ICMAT_COUNCIL_RAG	PACKAGING_RERANKER_USES_STACK_AND_RELIABILITY_CONTEXT	PLAN_ONLY_PRE_FREEZE	0
ICM-192	OBJ-ICM-192-FABQUALITY-RERANKING	fab_quality_query_top50_candidates_tool_step_dataset_scope_features	fab_quality_passage_relevance_score	LICENSED_CORPUS_REQUIRED	ICM186_encoder_similarity_rank	NDCG_at_10_MRR_at_10_and_scope_match_accuracy	params_le_52k_INT8_weights_le_64KiB	ICMAT_COUNCIL_RAG	FABQUALITY_RERANKER_ENFORCES_TOOL_STEP_SCOPE	PLAN_ONLY_PRE_FREEZE	0
ICM-193	OBJ-ICM-193-PHOSPHOR-CLAIM-NLI	phosphor_atomic_claim_and_cited_passage	phosphor_entailment_contradiction_unknown_label	LICENSED_CORPUS_REQUIRED	token_overlap_threshold	macro_F1_contradiction_recall_and_ECE	params_le_58k_INT8_weights_le_72KiB	ICMAT_COUNCIL_RAG	PHOSPHOR_CLAIM_VERIFICATION_NOT_RERANKING	PLAN_ONLY_PRE_FREEZE	0
ICM-194	OBJ-ICM-194-FURNACE-CLAIM-NLI	furnace_atomic_claim_live_log_evidence_and_timestamp	furnace_entailment_contradiction_unknown_label	LICENSED_CORPUS_REQUIRED	token_overlap_plus_timestamp_rule	macro_F1_contradiction_recall_and_stale_claim_recall	params_le_58k_INT8_weights_le_72KiB	ICMAT_COUNCIL_RAG	FURNACE_NLI_REQUIRES_TIME_ALIGNMENT_NOT_CONTROL	PLAN_ONLY_PRE_FREEZE	0
ICM-195	OBJ-ICM-195-SEMIMAT-CLAIM-NLI	semimat_atomic_claim_cited_passage_and_source_state	semimat_entailment_contradiction_unknown_label	LICENSED_CORPUS_REQUIRED	token_overlap_threshold	macro_F1_contradiction_recall_and_source_state_error_recall	params_le_62k_INT8_weights_le_76KiB	ICMAT_COUNCIL_RAG	SEMIMAT_NLI_SEPARATES_EXPERIMENTAL_AND_COMPUTED	PLAN_ONLY_PRE_FREEZE	0
ICM-196	OBJ-ICM-196-METROLOGY-CLAIM-NLI	metrology_atomic_claim_cited_passage_units_and_method	metrology_entailment_contradiction_unknown_label	LICENSED_CORPUS_REQUIRED	lexical_overlap_plus_unit_match	macro_F1_contradiction_recall_and_unit_mismatch_recall	params_le_60k_INT8_weights_le_74KiB	ICMAT_COUNCIL_RAG	METROLOGY_NLI_CHECKS_METHOD_AND_UNITS	PLAN_ONLY_PRE_FREEZE	0
ICM-197	OBJ-ICM-197-PACKAGING-CLAIM-NLI	packaging_atomic_claim_cited_passage_stack_and_test_conditions	packaging_entailment_contradiction_unknown_label	LICENSED_CORPUS_REQUIRED	token_overlap_plus_condition_match	macro_F1_contradiction_recall_and_condition_mismatch_recall	params_le_60k_INT8_weights_le_74KiB	ICMAT_COUNCIL_RAG	PACKAGING_NLI_REQUIRES_STACK_AND_CONDITION_MATCH	PLAN_ONLY_PRE_FREEZE	0
ICM-198	OBJ-ICM-198-FABQUALITY-CLAIM-NLI	fab_quality_atomic_claim_cited_passage_tool_step_and_dataset_scope	fabquality_entailment_contradiction_unknown_label	LICENSED_CORPUS_REQUIRED	token_overlap_plus_scope_match	macro_F1_contradiction_recall_and_scope_mismatch_recall	params_le_60k_INT8_weights_le_74KiB	ICMAT_COUNCIL_RAG	FABQUALITY_NLI_REQUIRES_TOOL_AND_DATASET_SCOPE	PLAN_ONLY_PRE_FREEZE	0
ICM-199	OBJ-ICM-199-DOMAIN-TASK-ROUTING	user_query_entities_units_and_requested_output	six_domain_plus_cross_domain_plus_OOD_task_distribution	LICENSED_CORPUS_REQUIRED	deterministic_keyword_router	macro_F1_top2_recall_and_ECE	params_le_36k_INT8_weights_le_46KiB	ICMAT_COUNCIL_RAG	ROUTES_RETRIEVAL_NAMESPACE_NOT_HIDDEN_USER_TASK_AUTHORITY	PLAN_ONLY_PRE_FREEZE	0
ICM-200	OBJ-ICM-200-RAG-OOD-DETECTION	query_embedding_nearest_distance_domain_scores_and_entity_coverage	in_domain_out_of_domain_score_and_reason_code	LICENSED_CORPUS_REQUIRED	fixed_embedding_distance_threshold	AUROC_FPR95_and_in_domain_false_reject_rate	params_le_28k_INT8_weights_le_36KiB	ICMAT_COUNCIL_RAG	OOD_GATE_NOT_REFUSAL_POLICY_OR_DOMAIN_ROUTER	PLAN_ONLY_PRE_FREEZE	0
